,Track,Explicit,Tpopularity,Artist,Album,Rdate
0,Paradise,false,49,Voyage,Paradise,2018-02-14
1,Tech Noir,false,56,Gunship,GUNSHIP,2015-07-24
2,Yes (Symmetry Remix),false,38,Chromatics,Yes (Love Theme From Lost River),2015-02-03
3,Night,false,39,John Carpenter,Lost Themes,2015-02-03
4,Depth Charge,false,5,Flume,Skin Companion EP II,2017-02-17
5,Wat U Mean,true,42,Lizzo,Lizzobangers,2014-05-20
6,Sissy That Walk,false,67,RuPaul,Born Naked,2014-02-24
7,Level Ya Pussy Up,false,49,Aja,Level Ya Pussy Up,2017-02-02
8,Pose,false,55,Naomi Smalls,Pose,2018-12-27
9,Bring It! - Tim Letteer Radio Edit,false,26,Manila Luzon,"Bring It!, Remixes, Pt. 1",2014-01-17
10,DRAG UP YOUR LIFE,false,48,RuPaul,DRAG UP YOUR LIFE,2018-03-02
11,1999,false,82,Charli XCX,1999,2018-10-05
12,Soak It Up (Remix),true,44,Monét X Change,Soak It Up,2018-05-25
13,Pay Me,false,41,Shangela Laquifa,Pay Me,2018-03-15
14,Demons Witches & Bitches,true,37,Aja,Demons Witches & Bitches,2018-10-17
15,Are You Still Certain? (feat. Mashrou' Leila),false,39,Hercules & Love Affair,Omnion,2017-09-01
16,"Kitty Girl (feat. The Cast of Rupaul's Drag Race All Stars, Season 3)",false,63,RuPaul,"Kitty Girl (feat. The Cast of Rupaul's Drag Race All Stars, Season 3)",2018-03-16
17,Trophy,true,48,Charli XCX,Vroom Vroom EP,2016-02-26
18,Interweb,false,44,Poppy,Poppy.Computer,2017-10-06
19,Call Me Mother,true,64,RuPaul,American,2017-03-24
20,Purse First (feat. DJ Mitch Ferrino),true,50,Bob the Drag Queen,Purse First (feat. DJ Mitch Ferrino),2016-05-16
21,Your Makeup Is Terrible,false,50,Alaska Thunderfuck,Anus,2015-06-23
22,C.L.A.T. (feat. DJ Mitch Ferrino),true,47,Aja,C.L.A.T. (feat. DJ Mitch Ferrino),2017-04-21
23,The Same Parts,true,45,Tatianna,The Same Parts,2016-09-01
24,Werqin' Girl (Professional),false,46,Shangela Laquifa,Werqin' Girl (Professional),2012-08-07
25,Now or Never,false,42,Blair St. Clair,Call My Life,2018-06-29
26,Brown Cow Stunning,true,56,Monique Heart,Brown Cow Stunning,2019-01-04
27,Supersonic,false,42,Detox,Supersonic,2016-09-02
28,"Read U Wrote U (Ellis Miah Mix) [feat. The Cast of RuPaul's Drag Race All Stars, Season 2]",true,61,RuPaul,"Read U Wrote U (Ellis Miah Mix) [feat. The Cast of RuPaul's Drag Race All Stars, Season 2]",2016-10-12
29,Linda Evangelista (feat. Aja),false,40,Adam Joseph,Linda Evangelista,2017-05-03
30,The T (feat. Adore Delano),true,50,Alaska Thunderfuck,Poundcake,2016-10-14
31,Finish Her!,true,45,Aja,Finish Her!,2018-03-01
32,Jungle Kitty,true,40,Bebe Zahara Benet,Jungle Kitty,2018-05-25
33,I'm Vanjie,true,43,Vanessa Vanjie Mateo,I'm Vanjie,2018-06-21
34,Mama Don't Make Me Put on the Dress Again,false,46,Trixie Mattel,Two Birds,2017-05-02
35,Hot Couture,true,43,Manila Luzon,Hot Couture,2011-11-08
36,RuPaulogize (feat. Sharon Needles),false,40,Willam,RuPaulogize (feat. Sharon Needles),2013-04-18
37,AAA,true,45,Courtney Act,AAA,2017-06-16
38,"Fat, Fem & Asian (From ""RuPaul's Drag Race 8"")",false,45,Lucian Piane,"Fat, Fem & Asian (From ""RuPaul's Drag Race 8"")",2016-05-16
39,Brujería,true,47,Aja,Brujería,2018-05-07
40,I Adore You,true,49,Adore Delano,Till Death Do Us Party,2014-06-03
41,Burn Rubber,false,38,Aquaria,Burn Rubber,2018-06-29
42,This Is My Hair,false,43,Alaska Thunderfuck,Anus,2015-06-23
43,Glamazon,false,57,RuPaul,Glamazon,2011-05-03
44,Legs (feat. Rye Rye),true,33,Laganja Estranja,Legs (feat. Rye Rye),2015-03-02
45,Looks (feat. Aquaria),true,42,Linux,Everybody Hates Linux,2016-04-01
46,Stun (feat. Gia Gunn),true,46,Alaska Thunderfuck,Poundcake,2016-10-14
47,Wrong Bitch,false,49,Todrick Hall,Straight Outta Oz,2016-06-24
48,Thick Thighs (feat. Latrice Royale),false,40,Willam,Shartistry in Motion,2015-06-02
49,The Chop,false,32,Manila Luzon & Latrice Royale,The Chop,2012-11-06
50,"The Baddest Bitches in Herstory (From ""Rupaul's Drag Race All Stars, Season 2"")",true,37,Lucian Piane,"The Baddest Bitches in Herstory (From ""Rupaul's Drag Race All Stars, Season 2"")",2016-09-09
51,Bloodbath (feat. DJ Mitch Ferrino),true,32,Bob the Drag Queen,Bloodbath (feat. DJ Mitch Ferrino),2016-10-28
52,So Emotional,false,60,Whitney Houston,Whitney,1987
53,It's Not Right but It's Okay - Thunderpuss Mix/Remastered: 2000,false,55,Whitney Houston,Dance Vault Remixes - It's Not Right But It's Okay,2006-05-02
54,Tempo (feat. Missy Elliott),true,73,Lizzo,Tempo (feat. Missy Elliott),2019-03-20
55,Juice,true,57,Lizzo,Tempo (feat. Missy Elliott),2019-03-20
56,"Category Is (feat. The Cast of Rupaul's Drag Race, Season 9)",false,56,RuPaul,"Category Is (feat. The Cast of Rupaul's Drag Race, Season 9)",2018-04-20
57,Coconut Oil,true,55,Lizzo,Coconut Oil,2016-10-07
58,Pussy Is God,true,70,King Princess,Pussy Is God,2018-11-02
59,Mine,true,53,Princess Nokia,1992 Deluxe,2017-09-08
60,1 Deep,false,39,Lizzo,Big Grrrl Small World,2015-12-11
61,Fitness,false,61,Lizzo,Fitness,2018-03-30
62,Wat U Mean,true,42,Lizzo,Lizzobangers,2014-05-20
63,Sticky,false,62,Ravyn Lenae,Sticky,2017-12-08
64,W.E.R.K. Pt. II,true,46,Lizzo,Lizzobangers,2014-05-20
65,Phone,true,53,Lizzo,Phone,2016-09-16
66,Humanize,false,45,Lizzo,Big Grrrl Small World,2015-12-11
67,Start Together,false,28,Sleater-Kinney,The Hot Rock (Remastered),1999
68,Hot Rock,false,26,Sleater-Kinney,The Hot Rock (Remastered),1999
69,The End of You,false,26,Sleater-Kinney,The Hot Rock (Remastered),1999
70,"Burn, Don't Freeze!",false,27,Sleater-Kinney,The Hot Rock (Remastered),1999
71,God Is a Number,false,22,Sleater-Kinney,The Hot Rock (Remastered),1999
72,Banned from the End of the World,false,23,Sleater-Kinney,The Hot Rock (Remastered),1999
73,Don't Talk Like,false,22,Sleater-Kinney,The Hot Rock (Remastered),1999
74,Get Up,false,33,Sleater-Kinney,The Hot Rock (Remastered),1999
75,One Song for You,false,21,Sleater-Kinney,The Hot Rock (Remastered),1999
76,The Size of Our Love,false,23,Sleater-Kinney,The Hot Rock (Remastered),1999
77,Living in Exile,false,20,Sleater-Kinney,The Hot Rock (Remastered),1999
78,Memorize Your Lines,false,20,Sleater-Kinney,The Hot Rock (Remastered),1999
79,A Quarter to Three,false,24,Sleater-Kinney,The Hot Rock (Remastered),1999
80,Dig Me Out,false,46,Sleater-Kinney,Dig Me Out (Remastered),1997
81,One More Hour,false,43,Sleater-Kinney,Dig Me Out (Remastered),1997
82,Turn It On,false,33,Sleater-Kinney,Dig Me Out (Remastered),1997
83,The Drama You've Been Craving,false,29,Sleater-Kinney,Dig Me Out (Remastered),1997
84,Heart Factory,false,28,Sleater-Kinney,Dig Me Out (Remastered),1997
85,Words and Guitar,false,32,Sleater-Kinney,Dig Me Out (Remastered),1997
86,It's Enough,false,27,Sleater-Kinney,Dig Me Out (Remastered),1997
87,Little Babies,false,31,Sleater-Kinney,Dig Me Out (Remastered),1997
88,Not What You Want,false,27,Sleater-Kinney,Dig Me Out (Remastered),1997
89,Buy Her Candy,false,27,Sleater-Kinney,Dig Me Out (Remastered),1997
90,Things You Say,false,25,Sleater-Kinney,Dig Me Out (Remastered),1997
91,Dance Song '97,false,30,Sleater-Kinney,Dig Me Out (Remastered),1997
92,Jenny,false,25,Sleater-Kinney,Dig Me Out (Remastered),1997
93,Call the Doctor,false,30,Sleater-Kinney,Call the Doctor (Remastered),1996
94,Hubcap,false,22,Sleater-Kinney,Call the Doctor (Remastered),1996
95,Little Mouth,false,24,Sleater-Kinney,Call the Doctor (Remastered),1996
96,Anonymous,false,24,Sleater-Kinney,Call the Doctor (Remastered),1996
97,Stay Where You Are,false,24,Sleater-Kinney,Call the Doctor (Remastered),1996
98,Good Things,false,37,Sleater-Kinney,Call the Doctor (Remastered),1996
99,I Wanna Be Your Joey Ramone,false,37,Sleater-Kinney,Call the Doctor (Remastered),1996
100,Taking Me Home,false,21,Sleater-Kinney,Call the Doctor (Remastered),1996
101,Taste Test,false,20,Sleater-Kinney,Call the Doctor (Remastered),1996
102,My Stuff,false,20,Sleater-Kinney,Call the Doctor (Remastered),1996
103,I'm Not Waiting,false,20,Sleater-Kinney,Call the Doctor (Remastered),1996
104,Heart Attack,false,20,Sleater-Kinney,Call the Doctor (Remastered),1996
105,Don't Think You Wanna,false,24,Sleater-Kinney,Sleater-Kinney (Remastered),1995
106,The Day I Went Away,false,25,Sleater-Kinney,Sleater-Kinney (Remastered),1995
107,A Real Man,false,26,Sleater-Kinney,Sleater-Kinney (Remastered),1995
108,Her Again,false,21,Sleater-Kinney,Sleater-Kinney (Remastered),1995
109,How to Play Dead,false,20,Sleater-Kinney,Sleater-Kinney (Remastered),1995
110,Be Yr Mama,false,28,Sleater-Kinney,Sleater-Kinney (Remastered),1995
111,Sold Out,false,19,Sleater-Kinney,Sleater-Kinney (Remastered),1995
112,Slow Song,false,23,Sleater-Kinney,Sleater-Kinney (Remastered),1995
113,Lora's Song,false,19,Sleater-Kinney,Sleater-Kinney (Remastered),1995
114,The Last Song,false,23,Sleater-Kinney,Sleater-Kinney (Remastered),1995
115,Turn It On,false,33,Sleater-Kinney,Dig Me Out (Remastered),1997
116,Dance with U,false,42,RuPaul,Born Naked,2014-02-24
117,Fly Tonight (feat. Frankmusik),false,36,RuPaul,Born Naked,2014-02-24
118,Born Naked (feat. Clairy Browne) [Stadium Remix],false,41,RuPaul,Realness,2015-03-02
119,Can I Get An Amen (YLXR Remix),false,31,RuPaul,"Essential, Vol. 2",2017-06-09
120,Lick It Lollipop (feat. Lady Bunny),false,37,RuPaul,"Essential, Vol. 2",2017-06-09
121,The Beginning,false,51,RuPaul,Glamazon,2011-05-03
122,Peanut Butter (feat. Big Freedia),false,50,RuPaul,Peanut Butter (feat. Big Freedia),2012-06-05
123,The Realness (feat. Eric Kupper),false,58,RuPaul,Realness,2015-03-02
124,Let's Turn The Night (Matt Pop Bootleg Edit),false,32,RuPaul,"Essential, Vol. 2",2017-06-09
125,Supermodel (You Better Work),false,55,RuPaul,Supermodel of the World,1993-06-08
126,Rock It (To the Moon) [feat. KUMMERSPECK],false,49,RuPaul,"Remember Me: Essential, Vol. 1",2017-02-03
127,House of Love (feat. Matt Pop & Ellis Miah),false,31,RuPaul,"Remember Me: Essential, Vol. 1",2017-02-03
128,Mighty Love (feat. Matt Pop),false,31,RuPaul,"Remember Me: Essential, Vol. 1",2017-02-03
129,Adrenaline (feat. Myah Marie),false,60,RuPaul,Born Naked,2014-02-24
130,Dem Beats,true,59,Todrick Hall,Forbidden,2018-03-27
131,U Wear It Well,false,50,RuPaul,Butch Queen,2016-03-04
132,Adrenaline (feat. Myah Marie),false,60,RuPaul,Born Naked,2014-02-24
133,Glamazon,false,57,RuPaul,Glamazon,2011-05-03
134,Now or Never,false,42,Blair St. Clair,Call My Life,2018-06-29
135,"Legs (From ""RuPaul's Drag Race 8"")",false,49,Lucian Piane,"Legs (From ""RuPaul's Drag Race 8"")",2016-05-16
136,Soak It Up (Remix),true,44,Monét X Change,Soak It Up,2018-05-25
137,Tempo (feat. Missy Elliott),true,73,Lizzo,Tempo (feat. Missy Elliott),2019-03-20
138,Bo Diddley,false,50,Bo Diddley,Bo Diddley,1957
139,You Left The Water Running - 2007 Remastered Version,false,35,Wilson Pickett,The Complete Atlantic Albums Collection,2017-11-24
140,Sixty Minute Man,false,42,Rufus Thomas,Do the Funky Chicken [Stax Remasters],2011-01-01
141,Hit Or Miss,false,42,Bo Diddley,Big Bad Bo,1974-01-01
142,Basic Lady - Remastered Version,false,22,Allen Toussaint,Southern Nights,1975
143,Tweedle Dee,false,33,LaVern Baker,The Departed (Music from the Motion Picture),2006-10-16
144,Ninety-Nine and One-Half (Won't Do),false,42,Wilson Pickett,The Exciting Wilson Pickett,1966
145,Spanish Guitar,false,35,Bo Diddley,Bo Diddley - Jukebox Hero,2014-11-21
146,Everybody's Trying to Be My Baby,false,36,Carl Perkins,Most Wanted,2013-12-10
147,Sneakin' Sally Thru The Alley,false,27,Lee Dorsey,Yes We Can ...And Then Some,1993-02-23
148,Ooh Baby,false,40,Bo Diddley,His Best,1997-01-01
149,Quitters Never Win,false,30,Dr. John,Destively Bonnaroo,2004-10-05
150,For What It's Worth,false,52,The Staple Singers,For What It's Worth,1967-11-23
151,I'm Your Bread Maker Baby - Single Version,false,20,Slim Harpo,The Excello Singles Anthology,2003-01-01
152,Gator Tail,false,19,Lee Dorsey,Yes We Can ...And Then Some,1993-02-23
153,She's Just Square,false,38,Dr. John,Swamp Blues,2016-08-01
154,The Girl Can't Help It,false,47,Little Richard,The Georgia Peach,1991-01-01
155,Whistling Past The Graveyard,false,19,Screamin' Jay Hawkins,Somethin' Funny Goin' On,1994
156,Mojo Mama - 2007 Remastered Version,false,36,Wilson Pickett,The Complete Atlantic Albums Collection,2017-11-24
157,"Shake, Rattle And Roll",false,51,Big Joe Turner,Shake Rattle & Rock,2007-10-30
158,Soft,false,6,Tiny Bradshaw,"The Henry Glover Story, Vol. 2 1951-61",2012-11-12
159,Kansas City,false,6,Wilbert Harrison,Rockabilly Madness,2007-10-09
160,Castle Rock,false,5,Johnny Hodges,The Jazz Collection,2013-08-18
161,I Don't Hurt Anymore,false,5,Dinah Washington,Gold,2007-01-01
162,It Ain't The Meat,false,38,The Swallows,50s Doo Wop Essentials,2009-06-01
163,Don't Be Angry,false,39,Nappy Brown,Don't Be Angry (Savoy Singles 1954 - 1956),2012-02-25
164,Lovin' Machine - Remastered,false,39,Wynonie Harris,Essential Recordings (Remastered),2014-04-19
165,5-10-15 Hours,false,44,Ruth Brown,Ruth Brown,1957
166,See See Rider,false,47,LaVern Baker,Soul On Fire: The Best Of LaVern Baker,2005-03-22
167,Port Of Rico,false,5,Illinois Jacquet,Verve: The Sound Of America: The Singles Collection,2013-01-01
168,Bip Bam,false,5,The Drifters,Bip Bam,2013-11-15
169,How Many More Years,false,6,Howlin' Wolf,The Sun Years,2000-03-14
170,Pink Champagne - Single Version,false,5,Joe Liggins & The Honeydrippers,Specialty Profiles: Sam Cooke & The Soul Stirrers,2006-01-01
171,Hound Dog,false,39,Big Mama Thornton,Precious & Rare: Big Mama Thornton,2013-02-11
172,Good Rockin' Daddy,false,37,Etta James,Miss Etta James: The Complete Modern And Kent Recordings,2013-01-02
173,Rag Mop - Single Version,false,5,Lionel Hampton,"Jazz For Kids: Sing, Clap, Wiggle, And Shake",2004-01-01
174,"Easy, Easy Baby",false,5,Varetta Dillard,200 Blues Classics,2011-04-12
175,All Night Baby,false,36,The Robins,"I Must Be Dreamin' - The Robins on RCA, Crown and Spark",2011-02-07
176,Sh-Boom - Single Version,false,52,The Chords,Atlantic 60th: At The Hop,2007-10-30
177,Well All Right,false,5,Big Joe Turner,Big Joe Turner - Morning Glories,2013-02-06
178,Please Mr. Jailer,false,42,Wynona Carr,Jump Jack Jump!,1993-01-01
179,"Hey, Miss Fannie - 2007 Remastered Version",false,42,The Clovers,Down In The Alley: The Best Of The Clovers,1991
180,Deacon Rides Again,false,39,Big Jay McNeely,The Best Of (1948-1955),2010-12-01
181,Grandpa Can Boogie Too,false,5,Lil Greenwood,The Best of Rock & Roll (70 Rock & Roll Songs),2011-05-03
182,Safronia B,false,40,Calvin Boze,Jump Blue: Rockin' The Jukes,1998-01-01
183,I Want You,false,28,The Cadets,Keb Darge & Paul Weller present: Real R'n'B and Soul (Lost and Found 2),1960
184,Cross Road Blues,false,55,Robert Johnson,King Of The Delta Blues Singers,1937
185,Lost Your Head Blues,false,0,Bessie Smith,"Charlton: Experience Music, 3/E - Download Edition",2011
186,Three O'clock Blues,false,0,B.B. King,Blues Masters Vol. 3,2009-01-01
187,(I'm Your) Hoochie Coochie Man,false,19,Muddy Waters,His Best 1947 To 1956,1997-01-01
188,How Far Am I From Canaan?,false,19,Sam Cooke,Sam Cooke And The Soul Stirrers,1991-01-01
189,Oh Happy Day,false,52,The Edwin Hawkins Singers,Oh Happy Day: The Best Of The Edwin Hawkins Singers,2001
190,Sh-Boom,false,3,The Chords,Cars (Versión de Colección),2006-06-06
191,There Goes My Baby,false,0,The Drifters,Cruisin' To The Hits Of The '50s & '60s,2007-08-28
192,I'll Never Get Out Of This World Alive,false,0,Hank Williams,Hank Williams Selected Hits Vol. 2,2006
193,I Walk the Line,false,32,Johnny Cash,"Sun Records - 60 Years, 60 Singles Box Set",2012-07-31
194,"Shake, Rattle And Roll",false,51,Big Joe Turner,Shake Rattle & Rock,2007-10-30
195,Hound Dog,false,6,Big Mama Thornton,Rare Rock 'n Roll Essentials,2013-03-15
196,Summertime Blues,false,47,Eddie Cochran,The Best Of Eddie Cochran,1996-01-01
197,Peggy Sue,false,0,Buddy Holly,Schellackstars (Vol. 3),2008-12-01
198,School Day (Ring Ring Goes The Bell) - Single Version,false,28,Chuck Berry,20th Century Masters: The Millennium Collection: Best Of Chuck Berry,1999-01-01
199,Tutti Frutti,false,0,Little Richard,His Very Best,2012-05-31
200,Venus,false,0,Frankie Avalon,Venus,2011-07-12
201,Be My Baby,false,72,The Ronettes,Be My Baby: The Very Best of The Ronettes,2011-02-22
202,Misirlou,false,47,Dick Dale and his Del-Tones,Greatest Hits 1961 - 1976,1992
203,What`d I Say (Part 1 & 2),false,0,Ray Charles,Tell All The World About You,2011-12-19
204,"Please, Please, Please",false,34,James Brown & The Famous Flames,20 All-Time Greatest Hits!,1991
205,Respect,false,73,Aretha Franklin,I Never Loved a Man the Way I Love You,1967-03-10
206,My Girl,false,48,The Temptations,Motown: The Complete No. 1's,2008-01-01
207,You Really Got Me,false,2,The Kinks,Come Dancing With The Kinks,1986
208,Louie Louie,false,67,The Kingsmen,The Best of The Kingsmen,2006-01-31
209,School's Out,false,66,Alice Cooper,School's Out,1972
210,You Really Got Me,false,10,Van Halen,Van Halen (Reissue),1978-02-07
211,Money - 2011 Remastered Version,false,18,Pink Floyd,The Dark Side Of The Moon (2011 Remastered Version),1973-03-16
212,Concrete Jungle,false,0,The Specials,Original John Peel Session: 23rd May 1979,2008-11-28
213,Rapper's Delight,false,57,The Sugarhill Gang,Rhino Hi-Five: The Sugarhill Gang,2005-03-15
214,Sissy That Walk,false,67,RuPaul,Born Naked,2014-02-24
215,Call Me Mother,true,64,RuPaul,American,2017-03-24
216,"Kitty Girl (feat. The Cast of Rupaul's Drag Race All Stars, Season 3)",false,63,RuPaul,"Kitty Girl (feat. The Cast of Rupaul's Drag Race All Stars, Season 3)",2018-03-16
217,"Read U Wrote U (Ellis Miah Mix) [feat. The Cast of RuPaul's Drag Race All Stars, Season 2]",true,61,RuPaul,"Read U Wrote U (Ellis Miah Mix) [feat. The Cast of RuPaul's Drag Race All Stars, Season 2]",2016-10-12
218,Adrenaline (feat. Myah Marie),false,60,RuPaul,Born Naked,2014-02-24
219,Freaky Money (feat. Big Freedia),false,50,RuPaul,Born Naked,2014-02-24
220,Dance with U,false,42,RuPaul,Born Naked,2014-02-24
221,Can I Get an Amen (feat. Martha Wash),false,36,RuPaul,Born Naked,2014-02-24
222,Fly Tonight (feat. Frankmusik),false,36,RuPaul,Born Naked,2014-02-24
223,Born Naked (feat. Clairy Browne),false,52,RuPaul,Born Naked,2014-02-24
224,Let the Music Play (feat. Michelle Visage),false,37,RuPaul,Born Naked,2014-02-24
225,Modern Love,false,34,RuPaul,Born Naked,2014-02-24
226,Crying On The Dance Floor,false,43,RuPaul,"Essential, Vol. 2",2017-06-09
227,Cover Girl (YLXR Remix),false,34,RuPaul,"Essential, Vol. 2",2017-06-09
228,Glamazon,false,43,RuPaul,"Essential, Vol. 2",2017-06-09
229,I Bring The Beat,false,38,RuPaul,"Essential, Vol. 2",2017-06-09
230,Jealous Of My Boogie (Gomi & RasJek),false,43,RuPaul,"Essential, Vol. 2",2017-06-09
231,Peanut Butter (feat. Big Freedia),false,44,RuPaul,"Essential, Vol. 2",2017-06-09
232,Sexy Drag Queen (dootdoot 'doot-swift' remix),false,47,RuPaul,"Essential, Vol. 2",2017-06-09
233,The Beginning,false,40,RuPaul,"Essential, Vol. 2",2017-06-09
234,Tranny Chaser,false,33,RuPaul,"Essential, Vol. 2",2017-06-09
235,LadyBoy,false,33,RuPaul,"Essential, Vol. 2",2017-06-09
236,Responsitrannity (Matt Pop Edit),false,36,RuPaul,"Essential, Vol. 2",2017-06-09
237,Lick It Lollipop (feat. Lady Bunny),false,37,RuPaul,"Essential, Vol. 2",2017-06-09
238,Cha Cha Bitch (feat. Ab Soto),false,33,RuPaul,"Essential, Vol. 2",2017-06-09
239,The Realness (feat. Eric Kupper),false,40,RuPaul,"Essential, Vol. 2",2017-06-09
240,Supermodel (feat. Skeltal Ki),false,48,RuPaul,"Remember Me: Essential, Vol. 1",2017-02-03
241,A Shade Shady (Now Prance) [feat. Vjuan Allure],false,29,RuPaul,"Remember Me: Essential, Vol. 1",2017-02-03
242,Free 2 Be (feat. Skeltal Ki & Chris Willis),false,29,RuPaul,"Remember Me: Essential, Vol. 1",2017-02-03
243,Call Me Starrbooty (feat. YLXR),false,27,RuPaul,"Remember Me: Essential, Vol. 1",2017-02-03
244,A Little Bit of Love (feat. KUMMERSPECK),false,44,RuPaul,"Remember Me: Essential, Vol. 1",2017-02-03
245,Mighty Love (feat. Matt Pop),false,31,RuPaul,"Remember Me: Essential, Vol. 1",2017-02-03
246,House of Love (feat. Matt Pop & Ellis Miah),false,31,RuPaul,"Remember Me: Essential, Vol. 1",2017-02-03
247,Come Pay Me (feat. Vjuan Allure),false,15,RuPaul,Butch Queen: Ru-Mixes,2016-04-15
248,Kitty Girl,false,52,RuPaul,American,2017-03-24
249,Hey Doll,false,41,RuPaul,American,2017-03-24
250,It Ain't Over,false,34,RuPaul,American,2017-03-24
251,U Wear It Well (Original Instrumental),false,20,RuPaul,Butch Queen: Ru-Mixes,2016-04-15
252,Rock It (To the Moon) [feat. KUMMERSPECK],false,49,RuPaul,"Remember Me: Essential, Vol. 1",2017-02-03
253,Just a Lil In & Out (feat. Ellis Miah),false,31,RuPaul,"Remember Me: Essential, Vol. 1",2017-02-03
254,Snapshot (feat. Macutchi),false,50,RuPaul,"Remember Me: Essential, Vol. 1",2017-02-03
255,"Charisma, Uniqueness, Nerve & Talent",false,54,RuPaul,American,2017-03-24
256,Spotlight,false,46,RuPaul,American,2017-03-24
257,Mighty Love (feat. Kummerspeck),false,53,RuPaul,American,2017-03-24
258,Super Queen - Cast Version,false,58,RuPaul,Super Queen (Cast Version),2019-02-17
259,Main Event,false,49,RuPaul,Champion,2009-04-07
260,Champion,false,52,RuPaul,Champion,2009-04-07
261,Never Go Home Again,false,30,RuPaul,Champion,2009-04-07
262,Destiny Is Mine,false,34,RuPaul,Champion,2009-04-07
263,Let's Turn The Night,false,32,RuPaul,Champion,2009-04-07
264,Devil Made Me Do It,false,31,RuPaul,Champion,2009-04-07
265,"Theme From ""Drag Race""",false,40,RuPaul,Champion,2009-04-07
266,Throw Ya Hands Up,false,26,RuPaul,Champion,2009-04-07
267,Color Me Love (feat. Rebecca Romijn & Markaholic),false,26,RuPaul,Realness,2015-03-02
268,Lipsync For Your Life,false,0,RuPaul,Jealous Of My Boogie - The RuMixes,2009-06-30
269,"Charisma, Uniqueness...",false,0,RuPaul,Jealous Of My Boogie - The RuMixes,2009-06-30
270,Sashay Away,false,0,RuPaul,Jealous Of My Boogie - The RuMixes,2009-06-30
271,Call Me Starrbooty,true,10,RuPaul,Starrbooty: Original Motion Picture Soundtrack,2007-06-20
272,Supermodel (You Better Work),false,55,RuPaul,Supermodel of the World,1993-06-08
273,Free Your Mind,false,24,RuPaul,Supermodel of the World,1993-06-08
274,Supernatural,false,20,RuPaul,Supermodel of the World,1993-06-08
275,House of Love,false,28,RuPaul,Supermodel of the World,1993-06-08
276,Back to My Roots,false,26,RuPaul,Supermodel of the World,1993-06-08
277,Dem Beats,true,59,Todrick Hall,Forbidden,2018-03-27
278,Seventeen,false,57,Sharon Van Etten,Seventeen,2019-01-08
279,Motion Sickness,false,66,Phoebe Bridgers,Stranger in the Alps,2017-09-22
280,Yours & Mine,false,51,Lucy Dacus,Historian,2018-03-02
281,Valley,false,52,Perfume Genius,No Shape,2017-05-05
282,The End of the World,false,60,Sharon Van Etten,The End of the World,2017-03-03
283,To the Boys,false,51,Molly Burch,To the Boys,2018-08-22
284,Oom Sha La La,false,59,Haley Heynderickx,I Need to Start a Garden,2018-03-02
285,Give It Up,false,50,Angel Olsen,MY WOMAN,2016-09-02
286,Follow My Voice,false,60,Julie Byrne,Not Even Happiness,2017-01-27
287,Mary,false,64,Big Thief,Capacity,2017-06-09
288,I'm Giving up on You,false,35,Sharon Van Etten,(It Was) Because I Was in Love (Deluxe Reissue),2017-11-17
289,symbol,false,58,Adrianne Lenker,abysskiss,2018-10-05
290,Scott Street,false,66,Phoebe Bridgers,Stranger in the Alps,2017-09-22
291,That's That,false,50,Cass McCombs,Dropping The Writ,2007-10-09
292,"Words (Music from the Film ""Tig"")",false,37,Sharon Van Etten,"Words (Music from the Film ""Tig"")",2015-07-17
293,Look Like That,false,36,Violent Femmes,Why Do Birds Sing?,1991-04-26
294,Add It Up - 2002 Remastered Version,true,56,Violent Femmes,Violent Femmes,1983
295,Kick In The Eye,false,47,Bauhaus,Mask,1981
296,Add It Up - 2002 Remastered Version,true,56,Violent Femmes,Violent Femmes,1983
297,This Must Be the Place (Naive Melody) - Live,false,54,Talking Heads,Stop Making Sense,1984
298,Sweet Jane (Mono) - 2015 Remastered,false,35,The Velvet Underground,Loaded: Re-Loaded 45th Anniversary Edition,1970
299,Adventures Close To Home,false,22,The Slits,Cut,1979
300,Right Wing Pigeons,false,26,The Dead Milkmen,Big Lizard In My Back Yard,1985-06-01
301,Overground,false,30,Siouxsie and the Banshees,The Scream,1978
302,Shoplifting,true,30,The Slits,Cut (Deluxe Edition),1979
303,Freedom of '76,false,43,Ween,Chocolate & Cheese,1994
304,Elevation,false,44,Television,Marquee Moon,1977-02-08
305,No Killing,false,26,Violent Femmes,The Violent Femmes Collection,2013-11-11
306,End Of The Party,false,32,The English Beat,Special Beat Service (Remastered),2012-01-01
307,FM,false,24,The Slits,Cut,1979
308,Paralysed,false,41,Gang Of Four,Solid Gold,1981-03-01
309,I'll Be Your Mirror,false,51,The Velvet Underground,The Velvet Underground & Nico 45th Anniversary (Super Deluxe Edition),1967-03-12
310,"Shake, Rattle And Roll",false,51,Big Joe Turner,Shake Rattle & Rock,2007-10-30
311,Bo Diddley,false,0,Bo Diddley,Bring It To Bo,2011-06-02
312,Voodoo Priestess - Remastered,false,19,Screamin' Jay Hawkins,Are You One of Jay's Kids?,2018-05-18
313,Iko Iko,false,48,Dr. John,Dr. John's Gumbo,1972
314,Spanish Guitar,false,35,Bo Diddley,Bo Diddley - Jukebox Hero,2014-11-21
315,Sixty Minute Man,false,42,Rufus Thomas,Do the Funky Chicken [Stax Remasters],2011-01-01
316,Strawberry Soul,false,39,Willie Mitchell,The Best of Willie Mitchell,2014
317,You Can't Judge A Book By It's Cover,false,39,Bo Diddley,The Chess Box,1990-07-26
318,Down Ta My House,false,24,Rufus Thomas,Stax-Volt: The Complete Singles 1959-1968,1991
319,Kansas City,false,6,Wilbert Harrison,Rockabilly Madness,2007-10-09
320,I Don't Hurt Anymore,false,5,Dinah Washington,Gold,2007-01-01
321,It Ain't The Meat,false,38,The Swallows,50s Doo Wop Essentials,2009-06-01
322,Don't Be Angry,false,39,Nappy Brown,Don't Be Angry (Savoy Singles 1954 - 1956),2012-02-25
323,5-10-15 Hours,false,44,Ruth Brown,Ruth Brown,1957
324,See See Rider,false,47,LaVern Baker,Soul On Fire: The Best Of LaVern Baker,2005-03-22
325,Port Of Rico,false,5,Illinois Jacquet,Verve: The Sound Of America: The Singles Collection,2013-01-01
326,Bip Bam,false,5,The Drifters,Bip Bam,2013-11-15
327,How Many More Years,false,6,Howlin' Wolf,The Sun Years,2000-03-14
328,Smooth Sailing,false,5,Ella Fitzgerald,Ella Fitzgerald,2004
329,La vie en rose,false,53,Grace Jones,Portfolio,1977-01-01
330,Concerto Grosso No. 5 in D Minor (after D. Scarlatti): I. Largo,false,9,Charles Avison,Avison: Concerti grossi After Scarlatti,2013-04-01
331,"Hasse: Sanctus Petrus et Sancta Maria Magdalena: ""Mea tormenta, properate!""",false,29,Johann Adolf Hasse,"Anima Sacra - Hasse: Sanctus Petrus et Sancta Maria Magdalena: ""Mea tormenta, properate!""",2018-09-14
332,"Suite For Cello Solo No.1 In G, BWV 1007: 1. Prélude",false,34,Johann Sebastian Bach,Bach: The Cello Suites,2005-01-01
333,Beethoven : Symphony No.9 in D minor Op.125 : II Molto vivace,false,64,Ludwig van Beethoven,Beethoven : Symphonies Nos 1 - 9,1991-06-01
334,"Cello Suite No. 1 in G Major, BWV 1007: I. Prélude",false,66,Johann Sebastian Bach,"Bach: Cello Suites Nos. 1-6, BWV 1007-1012",1983
335,Something's Got A Hold On Me,false,63,Etta James,The Sweetest Peaches [Part One (1940-1966)],1990-10-25
336,What A Diff'rence A Day Made - Single Version/Original Title,false,59,Dinah Washington,What A Diff'rence A Day Makes!,1959
337,I Don't Want to Do Wrong,false,26,Esther Phillips,"Alone Again, Naturally (Expanded Edition)",2014
338,Beautiful Love,false,48,Anita O'Day,Anita,1955-01-01
339,Birth Of The Blues,false,43,Sammy Davis Jr.,A Treasury Of Golden Hits,1963
340,Monotonous,false,27,Eartha Kitt,The Essential Eartha Kitt,2011-03-15
341,Whisper Not,false,57,Anita O'Day,Top 50 Romantic Jazz Singers,2015-02-12
342,Unlucky Girl,false,27,Big Mama Thornton,Ball And Chain,1989
343,That's All I Need To Know,false,41,Sam Cooke,The 2 Sides Of Sam Cooke,1970-01-01
344,Can't Nobody Love You,false,63,Solomon Burke,The Very Best Of Solomon Burke,1998
345,The Boy From Ipanema,false,59,Nancy Wilson,How Glad I Am,1964-01-01
346,A Sunday Kind Of Love,false,62,Etta James,At Last!,1960
347,C'est Si Bon,false,51,Eartha Kitt,Something's Gotta Give - Music From The Motion Picture,2003-12-09
348,Manhattan,false,50,Ella Fitzgerald,Ella Fitzgerald Sings The Rodgers And Hart Song Book,1956-01-01
349,"I'm A Bad, Bad Girl",false,27,Esther Phillips,Better Beware,1975
350,Summer Stock: Get Happy,false,26,Judy Garland,"Vintage Hollywood Classics, Vol. 32: Judy Garland meets Gene Kelly (Remastered 2017)",2017-07-21
351,Pour qu'elle soit jolie ma chanson - Remasterisé en 2015,false,32,Édith Piaf,Edith Piaf,2017-12-15
352,Zing! Went The Strings Of My Heart - Remastered,false,37,Judy Garland,The Essential Capitol Collection,2011-01-01
353,Is You Is or Is You Ain't My Baby - 2002 Remaster,false,53,Dinah Washington,Dinah '62,2003-06-23
354,Y a pas de printemps,false,37,Édith Piaf,50 succès essentiels,2013-01-01
355,When You're Smiling (The Whole World Smiles With You) - Live At Carnegie Hall/1961,false,27,Judy Garland,Judy At Carnegie Hall,2010-01-01
356,Let's Fall in Love,false,45,Vic Damone,That Towering Feeling,1956
357,It Never Was You,false,22,Judy Garland,The Essential Capitol Collection,2011-01-01
358,Céline - Remasterisé en 2015,false,38,Édith Piaf,Edith Piaf,2017-12-15
359,The Glory of Love,false,42,Jimmy Durante,As Time Goes By: The Best Of Jimmy Durante,1993-10-01
360,Comes Once In A Lifetime,false,31,Judy Garland,The Essential Capitol Collection,2011-01-01
361,The Gypsy - Live at Newport Jazz Festival 1956,false,44,Louis Armstrong,The Columbia & RCA Victor Live Recordings Vol. 3,2018-09-14
362,Life Is Just A Bowl Of Cherries,false,31,Judy Garland,The Essential Capitol Collection,2011-01-01
363,La Foule,false,45,Édith Piaf,Eternelle,1987-10-31
364,Hello Bluebird,false,22,Judy Garland,The Essential Capitol Collection,2011-01-01
365,That's My Desire,false,39,Louis Armstrong,The Night Clubs,2017-11-17
366,Tight,false,10,Betty Carter,The Betty Carter Album,1972
367,You Can't Have Everything,false,23,Jimmy Durante,Hello Young Lovers,1964
368,Linger Awhile,false,58,Vic Damone,Linger Awhile with Vic Damone,2012-01-01
369,Keep Your Hand On Your Heart,false,12,Joe Williams,Presenting Joe Williams & Thad Jones / Mel Lewis Orchestra,1994-10-28
370,"Let's Do It (From ""Paris"")",false,32,Eartha Kitt,The Essential Eartha Kitt,2011-03-15
371,Just a Little Lovin',false,40,Carmen McRae,Just A Little Lovin',2004-08-31
372,"I Wan'na Be Like You (The Monkey Song) - From ""The Jungle Book"" / Soundtrack Version",false,50,Louis Prima,Songs and Story: The Jungle Book,2014-01-01
373,Dream A Little Dream Of Me,false,55,Ella Fitzgerald,Ella: The Legendary Decca Recordings,1995-08-29
374,Put the Lime in the Coconut - Acoustic,false,32,Red Tracy,Unplugged Visions,2015-02-20
375,That's What You Think,false,44,Anita O'Day,Let Me Off Uptown: The Best Of Anita O'Day,1941
376,All or Nothing at All,false,46,Scott Hamilton,Ballads for Audiophiles,2017-02-06
377,I'll Look Around,false,55,Billie Holiday,The Lady Sings,1956-01-01
378,Make Yourself Comfortable,false,44,Sarah Vaughan,Sarah Vaughan's Golden Hits,1958-07-07
379,'S Wonderful,false,59,Tony Bennett,Love Is Here To Stay,2018-09-14
380,Isn't This A Lovely Day?,false,52,Ella Fitzgerald,Ella and Louis,1956-01-01
381,I Cover The Waterfront,false,34,Billie Holiday,Billie Holiday,1957-01-01
382,I Hope to Die If I Told a Lie,false,38,The Ink Spots,The Ink Spots Sing the Java Jive,2011-04-08
383,Ain't Nobody's Business,false,48,Scott Hamilton,The Best Things in Life,2016-01-08
384,I've Never Been In Love Before - Vocal Version,false,49,Chet Baker,Chet Baker Sings,1956
385,I'm In The Mood For Love,false,63,Julie London,Julie Is Her Name,2011-01-01
386,Let's Do It (Let's Fall In Love),false,52,Ella Fitzgerald,Someone To Watch Over Me,2017-09-29
387,These 'N' That 'N' Those (with Teddy Wilson & His Orchestra),false,39,Billie Holiday,Lady Day: The Complete Billie Holiday On Columbia - Vol. 1,1933
388,"Waiter, Make Mine Blues",false,45,Anita O'Day,"Waiter, Make Mine The Blues",1961-03-14
389,"Rêverie, L. 68: Rêverie",false,65,Claude Debussy,Debussy Piano Edition,2012-01-01
390,"Piano Concerto No. 21 in C Major, K. 467 ""Elvira Madigan"": II. Andante",false,68,Wolfgang Amadeus Mozart,"Mozart: Piano Concertos, Vol. 6",1995-11-01
391,"Cello Suite No. 1 in G Major, BWV 1007: I. Prélude",false,71,Johann Sebastian Bach,"Bach: Cello Suites Nos. 1, 5 & 6",1983
392,"Chopin: 24 Preludes, Op. 28: No. 15 in D-Flat Major, ""Raindrop""",false,66,Frédéric Chopin,"Chopin : Preludes, Ballades Nos 3 & 4, Nocturnes",2002-03-01
393,"4 Impromptus, Op.90, D.899: No.4 in A Flat Major: Allegretto",false,18,Franz Schubert,Schubert: Impromptus Opp.90 & 142,1983-01-01
394,Canon & Gigue,false,59,Johann Pachelbel,Pachelbel: Canon & Gigue - Musique de chambre,2007-07-31
395,Etude No. 2,false,64,Philip Glass,Etudes for Piano Vol 1 No. 1-10,2001-05-01
396,"The Four Seasons, Violin Concerto No. 2 in G Minor, RV 315 ""Summer"": III. Presto",false,63,Antonio Vivaldi,Sinkovsky Plays and Sings Vivaldi,2014
397,"Kinderszenen, Op. 15: VII. Träumerei",false,18,Robert Schumann,"Schumann: Piano Concerto, Franck: Symphonic Variations",2002-10-12
398,"Violin Concerto In E Minor, Op.64, MWV O14: 1. Allegro molto appassionato",false,13,Felix Mendelssohn,Mendelssohn: Violin Concerto / Bruch: Violin Concerto / Scottish Fantasy,1982-01-01
399,Vier letzte Lieder: 2. September,false,11,Richard Strauss,"Strauss, R.: Four Last Songs, etc.",1983-01-01
400,"Piano Concerto No. 1 in B-Flat Minor, Op. 23: Allegro non troppo e molto maestoso",false,58,Pyotr Ilyich Tchaikovsky,Tchaikovsky: Concerto No. 1/Rachmaninoff: Concerto No. 2,1987
401,"Requiem in D Minor, Op. 48: IV. Pie Jesu (Ed. Marc Rigaudière)",false,16,Gabriel Fauré,Fauré: Requiem & Messe Basse,2014-12-22
402,"Cello Concerto in E Minor, Op.85 (1988 Digital Remaster): I. Adagio - Moderato",false,55,Edward Elgar,Impressions,1988-08-08
403,"String Quartet No. 62 in C Major, Op. 76, No. 3, Hob.III:77, ""Emperor"": II. Poco adagio, cantabile",false,54,Franz Joseph Haydn,Haydn: String Quartets Nos. 61-63,1988-10-06
404,Fratres,false,9,Arvo Pärt,Arvo Pärt: Tabula Rasa,1984-01-01
405,"Le Nozze di Figaro, K. 492: Sinfonia",false,64,Wolfgang Amadeus Mozart,Mozart: Le nozze di Figaro,2004
406,"Symphony No.4 In E Minor, Op.98: 4. Allegro energico e passionato - Più allegro",false,7,Johannes Brahms,Brahms: Symphony No.4,1981-01-01
407,Violin Concerto BWV 1042 in E Major: Violin Concerto BWV 1042 in E Major: I. Allegro,false,58,Johann Sebastian Bach,Bach: Violin Concertos,2013-03-25
408,Appalachian Spring: VII. Doppio movimento,false,50,Aaron Copland,"Copland: Appalachian Spring, Rodeo, Billy the Kid & Fanfare for the Common Man",1960
409,"Symphony No. 5 in E Minor, Op. 64: IV. Andante maestoso - Allegro vivace",false,48,Pyotr Ilyich Tchaikovsky,Tchaikovsky: Symphony No. 5,1984-11-01
410,"Violin Concerto No.1 in G minor, Op.26: 1. Vorspiel (Allegro moderato)",false,44,Max Bruch,Bruch & Dvorak Violin Concertos,2013-01-01
411,"Goldberg Variations, BWV 988: Aria da capo - 1981 Version",false,47,Johann Sebastian Bach,"A State of Wonder: The Complete Goldberg Variations, BWV 988 (Recorded 1955 & 1981)",2002-08-27
412,West Side Story: 13. Somewhere,false,3,Leonard Bernstein,Bernstein: West Side Story,1998-01-01
413,Violin Concerto - 'To the Memory of an Angel': Violin Concerto - 'To the Memory of an Angel': I. Andante - Allegretto,false,45,Alban Berg,Berg & Beethoven: Violin Concertos,2012-01-01
414,"Bizet: Carmen, WD 31, Act 1 Scene 4: No. 5, Havanaise, ""L'amour est un oiseau rebelle"" (Carmen, Chorus)",false,54,Georges Bizet,Bizet: Carmen,1964
415,"Sonata No. 13 in B-Flat Major, K. 333: I. Allegro",false,48,Wolfgang Amadeus Mozart,Mozart: Piano Sonatas,2011-02-08
416,D. 911: Op. 89 : Gute Nacht,false,34,Dietrich Fischer-Dieskau,Schubert : Winterreise,2007-09-12
417,"Martha: M´apparì, tutt´amor",false,40,Carlo Bergonzi,Early Recordings 1951-1960,2011-01-11
418,"Myrthenblüten, Walzer, Op. 395",false,40,Johann Strauss II,New Year's Concert 2018 / Neujahrskonzert 2018 / Concert du Nouvel An 2018,2018-01-05
419,Ave Maria,false,62,Charles Gounod,Songs from the Arc of Life,2015-09-18
420,"Sonata No. 14 ""Moonlight"" in C-Sharp Minor"", Op. 27 No. 2: I. Adagio sostenuto",false,68,Ludwig van Beethoven,"Beethoven: Piano Sonatas, Vol.3",2007-09-25
421,Les amants de Paris - Remasterisé en 2015,false,34,Édith Piaf,Edith Piaf,2017-12-15
422,Nocturne en mi bémol majeur opus 9 n°2: Ballade en Sol Mineur No.1,false,67,Frédéric Chopin,Chopin: Nocturnes (Volume 1),2010-05-18
423,"Liebestraume, S541/R211 : No. 3: Nocturne in A-Flat Major",false,63,Franz Liszt,Liszt: Scherzo and March / 3 Liebestraume / Berceuse,1998-03-05
424,"Tchaikovsky: Swan Lake, Op. 20, Act 2: No. 10, Scène (Moderato)",false,62,Pyotr Ilyich Tchaikovsky,Tchaikovsky: Swan Lake,1976
425,"Vivaldi: Il Giustino, RV 717, Act 1: ""Vedrò con mio diletto"" (Anastasio)",false,42,Antonio Vivaldi,Vedrò con mio diletto (Vivaldi),2018-03-30
426,"Handel / Arr. Hale: Keyboard Suite in D Minor, HWV 437: III. Sarabande (Arr. Hale for Orchestra)",false,60,George Frideric Handel,Handel Sarabande,2002
427,April Showers,false,9,Judy Garland,Judy,1956
428,La vie en rose - Single Version,false,69,Louis Armstrong,The Best Of The Decca Years Volume One: The Singer,1989-01-01
429,Jazz Suite No. 2: VI. Waltz 2,false,55,Dmitri Shostakovich,Shostakovich: Jazz Suites Nos. 1 - 2 / The Bolt / Tahiti Trot,2002-04-15
430,Padam padam,false,55,Édith Piaf,Eternelle,1987-10-31
431,Come Fly With Me - Remastered,false,69,Frank Sinatra,Come Fly With Me (Remastered),1958
432,The Mission: Gabriel's Oboe,false,56,Ennio Morricone,Yo-Yo Ma Plays Ennio Morricone (Remastered),2004
433,Les trois cloches - Remasterisé en 2015,false,42,Édith Piaf,Edith Piaf,2017-12-15
434,"The Carnival of the Animals, R. 125: XIII. The Swan (Arr. for Cello and Piano)",false,62,Camille Saint-Saëns,Songs from the Arc of Life,2015-09-18
435,I've Got You Under My Skin - Remastered 1998,false,67,Frank Sinatra,Songs For Swingin' Lovers! (Remastered),1956-03
436,"Shostakovich: Piano Quintet in G Minor, Op. 57: I. Prelude (Lento) [Live]",false,48,Dmitri Shostakovich,Shostakovich: Piano Concerto No.1,2007-10-01
437,Symphony No. 9 in D Major: IV. Adagio - Sehr langsam und noch zuruckhaltend,false,48,Gustav Mahler,"Mahler, G.: Symphony No. 9",2009-09-08
438,"Piano Concerto in A Minor, Op.16: I. Allegro molto moderato",false,49,Edvard Grieg,Grieg: Piano Concerto & Lyric Pieces,2015-05-18
439,Meditation: Méditation from Thaïs,false,50,Jules Massenet,Szymanowski: Violin Concerto No.1,2005-01-01
440,Any Place I Hang My Hat Is Home,false,11,Judy Garland,Judy,1956
441,Sous le ciel de Paris,false,48,Édith Piaf,Eternelle,1987-10-31
442,You Make Me Feel So Young - Remastered 1998,false,64,Frank Sinatra,Songs For Swingin' Lovers! (Remastered),1956-03
443,Come Rain Or Come Shine,false,36,Judy Garland,Judy,1956
444,If You Were Mine (with Teddy Wilson & His Orchestra),false,41,Billie Holiday,Lady Day: The Complete Billie Holiday On Columbia - Vol. 1,1933
445,"Bach, JC: Lamento: Ach, dass ich Wassers g'nug hätte",false,13,Johann Christoph Bach,"Himmelsmusik - Bach, J.C.: Lamento: Ach, dass ich Wassers g'nug hätte",2018-09-07
446,At Last,false,74,Etta James,At Last!,1960
447,Easy Living (with Teddy Wilson & His Orchestra),false,48,Billie Holiday,Lady Day: The Complete Billie Holiday On Columbia (1933-1944),1933
448,Beyond the Sea,false,62,Bobby Darin,That's All,1959
449,All Of You,false,34,Sammy Davis Jr.,The Decca Years,1990-01-01
450,A Kiss To Build A Dream On - Single Version,false,62,Louis Armstrong,The Best Of The Decca Years Volume One: The Singer,1989-01-01
451,"Turandot / Act 3: ""Nessun dorma!""",false,63,Giacomo Puccini,Puccini: Turandot - Highlights,1973-01-01
452,I'll Be Seeing You,false,61,Billie Holiday,Billie Holiday,1957-01-01
453,"Chopin: Nocturne No. 2 in E-Flat Major, Op. 9 No. 2",false,37,Frédéric Chopin,Chopin : Noctures Nos 1 - 11,1994-07-01
454,Lover Man,false,43,Billie Holiday,Lover Man,1958-01-01
455,Adagio For Strings,false,27,Peter Samuels,Motivation: Inspiring Notes,2018-01-19
456,Carmen Suite No.1: 5. Les toréadors,false,48,Georges Bizet,Bizet: Carmen Suites; L'Arlésienne Suites,1994-08-04
457,Fever - Remastered,false,55,Peggy Lee,Great Ladies Of Song / Spotlight On Peggy Lee,1995-01-01
458,Don't Lose Your Sense Of Humor,false,38,Jimmy Durante,September Song,1963
459,"Mozart / Arr Grieg: Piano Sonata No. 16 in C Major, K. 545: I. Allegro (Arr. Grieg for 2 Pianos) [Live]",false,62,Wolfgang Amadeus Mozart,Live from the Lugano Festival 2005,2006-06-05
460,"Unaccompanied Cello Suite No. 1 in G Major, BWV 1007: I. Prélude",false,40,Johann Sebastian Bach,Inspired By Bach: The Cello Suites (Remastered),1997
461,The Carnival of the Animals: Aquarium,false,38,Camille Saint-Saëns,Peter and the Wolf/ Carnival of the Animals,1989
462,The Carnival of the Animals: Royal March of the Lion,false,18,Camille Saint-Saëns,Peter and the Wolf/ Carnival of the Animals,1989
463,The Carnival of the Animals: Hens and cocks,false,15,Camille Saint-Saëns,Peter and the Wolf/ Carnival of the Animals,1989
464,The Carnival of the Animals: Wild asses,false,15,Camille Saint-Saëns,Peter and the Wolf/ Carnival of the Animals,1989
465,The Carnival of the Animals: Tortoises,false,16,Camille Saint-Saëns,Peter and the Wolf/ Carnival of the Animals,1989
466,The Carnival of the Animals: The Elephant,false,19,Camille Saint-Saëns,Peter and the Wolf/ Carnival of the Animals,1989
467,The Carnival of the Animals: Kangaroos,false,15,Camille Saint-Saëns,Peter and the Wolf/ Carnival of the Animals,1989
468,The Carnival of the Animals: Persons with long ears,false,14,Camille Saint-Saëns,Peter and the Wolf/ Carnival of the Animals,1989
469,The Carnival of the Animals: The Cuckoo in the Depths of the woods,false,28,Camille Saint-Saëns,Peter and the Wolf/ Carnival of the Animals,1989
470,The Carnival of the Animals: The Aviary,false,15,Camille Saint-Saëns,Peter and the Wolf/ Carnival of the Animals,1989
471,The Carnival of the Animals: Pianists,false,14,Camille Saint-Saëns,Peter and the Wolf/ Carnival of the Animals,1989
472,The Carnival of the Animals: Fossils,false,17,Camille Saint-Saëns,Peter and the Wolf/ Carnival of the Animals,1989
473,The Carnival of the Animals: The Swan,false,42,Camille Saint-Saëns,Peter and the Wolf/ Carnival of the Animals,1989
474,The Carnival of the Animals: Finale,false,16,Camille Saint-Saëns,Peter and the Wolf/ Carnival of the Animals,1989
475,"Violin Concerto in D Major, Op. 35, TH 59: I. Allegro moderato",false,27,Pyotr Ilyich Tchaikovsky,Best of Tchaikovsky,2019-01-04
476,Bags,true,41,Leikeli47,Wash & Set,2017-09-08
477,"thank u, next",true,88,Ariana Grande,"thank u, next",2018-11-03
478,Two Times a Charm,true,30,Leikeli47,Leikeli47,2015-04-17
479,Pxssy Powah!,true,34,Nitty Scott,Creature!,2017-07-21
480,Where My Girls,true,39,Dai Burger,Soft Serve,2017-08-25
481,Level Up,false,76,Ciara,Level Up,2018-07-18
482,Country Boy,true,29,Junglepussy,Pregnant with Success,2015-11-17
483,I Like That,true,68,Janelle Monáe,Dirty Computer,2018-04-27
484,F E M A L E,false,48,Sampa the Great,The Great Mixtape,2015-10-16
485,Skwod,true,45,Nadia Rose,Highly Flammable,2017-01-13
486,Consideration,true,54,Rihanna,ANTI (Deluxe),2016-01-28
487,Money,true,46,Leikeli47,Money,2016-08-26
488,"Us (feat. Rocky Rivera, Klassy & Faith Santilla)",true,38,Ruby Ibarra,Circa91,2017-10-03
489,Cartoons,false,42,cupcakKe,Ephorize,2018-01-05
490,borderline (feat. Missy Elliott),true,69,Ariana Grande,Sweetener,2018-08-17
491,Sex With Me,true,65,Rihanna,ANTI (Deluxe),2016-01-28
492,Die Young,false,63,Sylvan Esso,What Now,2017-04-28
493,Call Your Girlfriend,false,56,Robyn,Body Talk,2010-01-01
494,Here,true,30,Ruby Ibarra,Circa91,2017-10-03
495,Sorry Not Sorry,true,83,Demi Lovato,Tell Me You Love Me,2017-09-29
496,Piece of Me,false,65,Britney Spears,Blackout,2007-10-25
497,no tears left to cry,false,89,Ariana Grande,Sweetener,2018-08-17
498,Nothing for Me,true,30,Junglepussy,Pregnant with Success,2015-11-17
499,Decline Him,true,41,Quay Dash,Transphobic,2017-07-07
500,Paf,true,35,Chynna,Ninety,2016-08-19
501,goodnight n go,true,76,Ariana Grande,Sweetener,2018-08-17
502,Creator (vs. Switch and FreQ Nasty),false,42,Santigold,Santigold,2008-04-29
503,Lofty,true,16,Lil Debbie,Lofty,2015-06-10
504,Meet and Greet,false,28,cupcakKe,Ephorize,2018-01-05
505,Work It,true,72,Missy Elliott,Under Construction,2002-11-11
506,Whip My Hair,false,3,Willow,Whip My Hair,2010-10-26
507,Krippy Kush - Remix,true,61,Farruko,Krippy Kush (Remix),2017-11-21
508,Crew Cut,false,36,Tijuana Panthers,EP,2008-08-26
509,Empty Head,false,33,Screaming Females,Rose Mountain,2015-02-24
510,Video,false,19,Guantanamo Baywatch,Desert Center,2017-08-04
511,Friend of Nothing - Acoustic,false,48,together PANGEA,Sleeping Til Sunset (Acoustic Versions),2018-06-29
512,Siin,false,38,Habibi,Habibi,2013
513,Tryin',false,34,Shannon and The Clams,Onion,2018-02-16
514,Ballin,true,49,Parisalexa,Flexa,2018-06-08
515,Till The End,false,42,Curtis Harding,Face Your Fear,2017-10-27
516,Coming Home,false,69,Leon Bridges,Coming Home,2015-06-15
517,Don't Wanna Fight,false,45,Alabama Shakes,Sound & Color,2015-04-21
518,Daisy Mae,false,55,Leon Bridges,Coming Home (Deluxe),2016-02-05
519,Sound & Color,false,44,Alabama Shakes,Sound & Color,2015-04-21
520,O Me O My,false,44,Son Little,New Magic,2017-09-15
521,Hold On,false,52,Alabama Shakes,Boys & Girls,2012-01-01
522,This Feeling,false,41,Alabama Shakes,Sound & Color,2015-04-21
523,"Bitch, I Love You",true,44,Black Joe Lewis & The Honeybears,Black Joe Lewis & The Honeybears,2008-01-01
524,You Go Down Smooth,false,60,Lake Street Dive,Bad Self Portraits,2014-02-18
525,You Are the Best Thing,false,65,Ray LaMontagne,Gossip In The Grain,2008-10-13
526,Only For You,false,50,Heartless Bastards,Arrow,2012-02-14
527,"One, Two Step",false,76,Ciara,Goodies,2004-09-24
528,Don't Blame Me,false,42,Santigold,I Don't Want: The Gold Fire Sessions,2018-07-27
529,Die Young,false,63,Sylvan Esso,What Now,2017-04-28
530,La Diaspora (feat. Zap Mama),true,40,Nitty Scott,Creature!,2017-07-21
531,Rebel Girl,false,59,Bikini Kill,The Punk Singer (Original Motion Picture Soundtrack),2015-10-13
532,Where My Girls,true,39,Dai Burger,Soft Serve,2017-08-25
533,I Like It,true,90,Cardi B,Invasion of Privacy,2018-04-06
534,Chun-Li,true,76,Nicki Minaj,Queen,2018-08-10
535,Lip Gloss,false,61,Lil Mama,Lip Gloss,2007-03-06
536,Money,true,58,Leikeli47,Wash & Set,2017-09-08
537,Werkin' Girls,true,52,Angel Haze,New York EP,2012-01-01
538,Youths Dem Cold,false,34,Richie Spice,Reggae Gold 2006,2006-06-12
539,Djama,false,30,Amadou & Mariam,Welcome To Mali,2008-11-17
540,My Mind Playin Tricks On Me,true,0,Geto Boys,Uncut Dope,1992-11-17
541,Mind Playing Tricks on Me,true,66,Geto Boys,We Can't Be Stopped,1991-07-02
542,Children's Story,true,62,Slick Rick,The Great Adventures Of Slick Rick,1988-11-03
543,Gettin' It,true,57,Too $hort,Gettin' It (Album Number Ten),1996-05-21
544,It's Funky Enough - Remastered Single,false,52,The D.O.C.,No One Can Do It Better,1989
545,93 'Til Infinity,false,70,Souls Of Mischief,93 'til Infinity,1993
546,Super Freak (feat. Lil Uzi Vert),true,52,Shy Glizzy,Fully Loaded,2018-10-12
547,SWING (feat. Normani & Davido),true,63,Quavo,QUAVO HUNCHO,2018-10-12
548,Loose Teeth,false,38,La Luz,Floating Features,2018-05-11
549,Ozma,false,40,Shannon and The Clams,Dreams in the Rat House,2013-05-21
550,Blind,false,37,Hercules & Love Affair,Hercules & Love Affair,2008-02-25
551,Sing It Back - Boris Dlugosch Mix,false,62,Moloko,Catalogue,2006-07-17
552,Trick Me - Club Mix,true,50,Kelis,Tasty,2003-12-09
553,Pull Up To The Bumper,false,30,Grace Jones,Island Life,1985-12-01
554,Maniac,false,41,Moullinex,Casablanca Reworks,2012-01-27
555,J'OUVERT,true,64,BROCKHAMPTON,iridescence,2018-09-21
556,1999 WILDFIRE,true,72,BROCKHAMPTON,1999 WILDFIRE,2018-07-07
557,Blaxploitation,true,57,Noname,Room 25,2018-09-14
558,Hijo de Su Madre,true,59,Omar Apollo,Stereo,2018-05-30
559,Love You Back,false,49,Metric,Art of Doubt,2018-09-21
560,Imagine (feat. Simon Sayz & Crystal Torres),false,47,Lupe Fiasco,DROGAS WAVE,2018-09-21
561,Keep The devil Off,false,44,Big K.R.I.T.,4eva Is A Mighty Long Time,2017-10-27
562,NEW DORP. NEW YORK,false,46,SBTRKT,Wonder Where We Land,2014-10-07
563,Hustler (feat. Gallo),false,29,Pearl,Pleasure,2015-06-02
564,Decline Him,true,41,Quay Dash,Transphobic,2017-07-07
565,Cut It Up,false,24,TT The Artist,Cut It Up,2018-02-13
566,FckBoi,true,26,Jiggly Caliente,T.H.O.T. Process,2018-03-09
567,Playbill$,true,29,Ruby Ibarra,Circa91,2017-10-03
568,The Distance (feat. Ty Dolla $ign),true,46,Mariah Carey,The Distance (feat. Ty Dolla $ign),2018-10-18
569,L.M.F.,true,15,Smino,L.M.F.,2018-10-26
570,Arms Around You (feat. Maluma & Swae Lee),true,89,XXXTENTACION,Arms Around You (feat. Maluma & Swae Lee),2018-10-25
571,Smells Like Teen Spirit,false,76,Nirvana,Nevermind (Remastered),1991-09-26
572,A Girl Like You,false,64,Edwyn Collins,Gorgeous George,1994
573,Monkey Gone to Heaven,false,62,Pixies,Doolittle,1989-04-17
574,Downer - Remastered,false,54,Nirvana,Bleach: Deluxe Edition,2009-11-03
575,Pop Song for Us Rejects,false,39,Silverchair,Freak Show,1997
576,Lounge Act,false,55,Nirvana,Nevermind (Remastered),1991-09-26
577,Milk It,false,51,Nirvana,In Utero - 20th Anniversary Remaster,1993-09-21
578,Snakecharmer,true,49,Rage Against The Machine,Evil Empire,1996-04-15
579,Stay Away,false,55,Nirvana,Nevermind (Remastered),1991-09-26
580,Paper Cuts - Remastered,false,51,Nirvana,Bleach: Deluxe Edition,2009-11-03
581,Frances Farmer Will Have Her Revenge On Seattle,false,54,Nirvana,In Utero - 20th Anniversary Remaster,1993-09-21
582,Mr. Moustache - Remastered,false,54,Nirvana,Bleach: Deluxe Edition,2009-11-03
583,Very Ape,false,55,Nirvana,In Utero - 20th Anniversary Remaster,1993-09-21
584,Lithium,false,70,Nirvana,Nevermind (Remastered),1991-09-26
585,Negative Creep - Remastered,false,56,Nirvana,Bleach: Deluxe Edition,2009-11-03
586,Breed,false,58,Nirvana,Nevermind (Remastered),1991-09-26
587,All Apologies,false,68,Nirvana,In Utero - 20th Anniversary Remaster,1993-09-21
588,Floyd The Barber - Remastered,false,53,Nirvana,Bleach: Deluxe Edition,2009-11-03
589,Move On,false,35,No Doubt,No Doubt,1992-01-01
590,Is She Weird,false,47,Pixies,Bossanova,1990-08-13
591,Atrocity Exhibition - 2007 Remaster,false,47,Joy Division,Closer,1980
592,Your Dog,true,63,Soccer Mommy,Clean,2018-03-02
593,Fly Me To The Moon (In Other Words),false,73,Frank Sinatra,Sinatra/Basie: The Complete Reprise Studio Recordings,1962-12-10
594,You Are My Sunshine,false,58,Johnny Cash,Unearthed,2003-01-01
595,Cloudbusting,false,56,Kate Bush,Hounds Of Love,1985
596,You Got The Love - New Voyager Radio Edit,false,52,The Source & Candi Staton,You Got the Love,1996
597,Damn I Wish I Was Your Lover,false,52,Sophie B. Hawkins,The Best Of Sophie B. Hawkins,2003
598,Heaven Or Las Vegas,false,54,Cocteau Twins,Heaven Or Las Vegas (Remastered),1990-09-17
599,Building a Mystery,false,55,Sarah McLachlan,Surfacing,1997-08-29
600,Kiss Off - 2002 Remastered Version,false,54,Violent Femmes,Violent Femmes,1983
601,Gone Daddy Gone - 2002 Remastered Version,false,51,Violent Femmes,Violent Femmes,1983
602,Blister in the Sun - 2002 Remastered Version,false,70,Violent Femmes,Violent Femmes,1983
603,Add It Up - 2002 Remastered Version,true,56,Violent Femmes,Violent Femmes,1983
604,I Wonder If I Take You Home,false,51,Lisa Lisa & Cult Jam,Playlist: The Very Best Of Lisa Lisa & Cult Jam,1985
605,All For You,false,55,Janet Jackson,All For You,2001-01-01
606,Can You Feel the Beat,false,51,Lisa Lisa & Cult Jam,Super Hits,1985
607,Feels Good,false,59,Tony! Toni! Toné!,The Revival,1990-01-01
608,Don't Walk Away,false,62,Jade,Jade To The Max,1992-11-13
609,Candy Rain,false,61,Soul For Real,Candy Rain,1995
610,Doin' It,true,64,LL Cool J,Mr. Smith (Deluxe Edition),1995-11-20
611,Every Little Step,false,57,Bobby Brown,Don't Be Cruel,1988-01-01
612,Give It To Me Baby,false,63,Rick James,Street Songs,1981-04-07
613,Nite and Day,false,53,Al B. Sure!,In Effect Mode,1988-04-26
614,Candy,false,58,Cameo,Word Up,1986-01-01
615,Love Come Down,false,49,"Evelyn ""Champagne"" King",Essential - Soul Love,2010-01-25
616,Tell It to My Heart,false,68,Taylor Dayne,Tell It to My Heart (Expanded Edition),1988-01-19
617,Party All the Time,false,56,Eddie Murphy,How Could It Be,1985
618,C'est si bon,false,27,Eartha Kitt,The Essential Eartha Kitt,2011-03-15
619,If I Was a Boy,false,24,Eartha Kitt,The Essential Eartha Kitt,2011-03-15
620,"Let's Do It (From ""Paris"")",false,32,Eartha Kitt,The Essential Eartha Kitt,2011-03-15
621,Just a Little Lovin',false,40,Carmen McRae,Just A Little Lovin',2004-08-31
622,"I Wan'na Be Like You (The Monkey Song) - From ""The Jungle Book"" / Soundtrack Version",false,50,Louis Prima,Songs and Story: The Jungle Book,2014-01-01
623,Dream A Little Dream Of Me,false,55,Ella Fitzgerald,Ella: The Legendary Decca Recordings,1995-08-29
624,Sunshine of Your Love,false,50,Ella Fitzgerald,Sunshine of Your Love,2014-01-31
625,Put the Lime in the Coconut - Acoustic,false,32,Red Tracy,Unplugged Visions,2015-02-20
626,Castles Made Of Sand/Little Wing,false,33,Tuck & Patti,Pure Tuck & Patti,1988
627,Time After Time,false,0,Tuck & Patti,A Gift Of Love (International Version),2004
628,Un Beso,false,38,CocoRosie,Heartache City,2015-09-18
629,Whiteout,false,56,Warpaint,Heads Up,2016-09-23
630,River,false,45,Ibeyi,Ibeyi,2015-02-17
631,The End of the World,false,60,Sharon Van Etten,The End of the World,2017-03-03
632,Shark Smile - Edit,false,60,Big Thief,Shark Smile (Edit),2017-05-08
633,Taste,false,59,Rhye,Blood,2018-02-02
634,Feels So Good (Sonique vs. Ramiro) [Club Mix] - Radio Edit,false,35,Sonique,Feels So Good (Sonique vs. Ramiro) [Remixes],2017-10-20
635,Need Your Love,false,61,Curtis Harding,Face Your Fear,2017-10-27
636,Petals,false,55,TOPS,Sugar at the Gate,2017-06-02
637,Rush,false,51,Jay Som,I Think You're Alright / Rush,2016-06-24
638,Stay Happy,false,50,Broken Social Scene,Hug Of Thunder,2017-07-07
639,Withorwithout,false,59,Parcels,Withorwithout,2018-10-10
640,Better,false,82,Khalid,Better,2018-09-14
641,Trip,false,30,Ella Mai,Trip,2018-08-03
642,Falling Down - Bonus Track,true,47,Lil Peep,Falling Down (Bonus Track),2018-09-19
643,Joke,false,38,Chastity Belt,Time to Go Home,2015-03-23
644,Pull Up To The Bumper,false,30,Grace Jones,Island Life,1985-12-01
645,Maniac,false,41,Moullinex,Casablanca Reworks,2012-01-27
646,Loving Is Easy,true,81,Rex Orange County,Loving Is Easy,2017-10-11
647,All Your Love,false,66,Jakob Ogawa,All Your Love,2017-01-27
648,Love You Back,false,49,Metric,Art of Doubt,2018-09-21
649,Let Go,false,17,Sateen,Sateen,2017-11-03
650,Meg Ryan,false,5,Ah-Mer-Ah-Su,Rebecca,2017-02-26
651,Cut It Up,false,24,TT The Artist,Cut It Up,2018-02-13
652,Breathe In,false,44,Frou Frou,Details,2002-01-01
653,Such Great Heights - Remastered,false,66,The Postal Service,Give Up (Deluxe 10th Anniversary Edition),2003-02-19
654,Must Be Dreaming,false,39,Frou Frou,Details,2002-01-01
655,I Can't Go For That,false,42,the bird and the bee,Interpreting The Masters Volume 1: A Tribute To Daryl Hall And John Oates,2010-01-01
656,You Can Be the One,false,38,Late Night Alumni,"Of Birds, Bees, Butterflies, Etc...",2009
657,My Love,false,43,the bird and the bee,Ray Guns Are Not Just The Future,2008-01-01
658,Shh,false,34,Frou Frou,Details,2002-01-01
659,The District Sleeps Alone Tonight - Remastered,false,57,The Postal Service,Give Up (Deluxe 10th Anniversary Edition),2003-02-19
660,Your Ex-Lover Is Dead,false,40,Stars,Set Yourself On Fire,2004-10-12
661,Hysteric,false,43,Yeah Yeah Yeahs,It's Blitz!,2009-01-01
662,borderline (feat. Missy Elliott),true,69,Ariana Grande,Sweetener,2018-08-17
663,goodnight n go,true,76,Ariana Grande,Sweetener,2018-08-17
664,Blur,false,58,MØ,Blur,2018-10-15
665,The Distance (feat. Ty Dolla $ign),true,46,Mariah Carey,The Distance (feat. Ty Dolla $ign),2018-10-18
666,Silence,false,52,Before You Exit,Silence,2018-10-19
667,Dance To This (feat. Ariana Grande),false,29,Troye Sivan,Dance To This (feat. Ariana Grande),2018-06-13
668,Make You Mad,false,53,Fifth Harmony,Fifth Harmony,2017-10-29
669,Get Naked (I Got a Plan),false,54,Britney Spears,Blackout,2007-10-25
670,Arms Around You (feat. Maluma & Swae Lee),true,89,XXXTENTACION,Arms Around You (feat. Maluma & Swae Lee),2018-10-25
671,Tell Me You Love Me,false,76,Demi Lovato,Tell Me You Love Me,2017-09-29
672,I Like That,true,68,Janelle Monáe,Dirty Computer,2018-04-27
673,Make Me Feel,true,70,Janelle Monáe,Dirty Computer,2018-04-27
674,Sex With Me,true,65,Rihanna,ANTI (Deluxe),2016-01-28
675,"Me, Myself & I",true,79,G-Eazy,When It's Dark Out,2015-12-04
676,Nice For What,true,27,Drake,Nice For What,2018-04-06
677,Miles Away,false,30,Yeah Yeah Yeahs,Yeah Yeah Yeahs,2002
678,Pynk (feat. Grimes),true,64,Janelle Monáe,Dirty Computer,2018-04-27
679,I Got The Juice (feat. Pharrell Williams),true,59,Janelle Monáe,Dirty Computer,2018-04-27
680,All The Stars (with SZA),true,71,Kendrick Lamar,All The Stars (with SZA),2018-01-04
681,Pray For Me (with Kendrick Lamar),true,81,The Weeknd,Black Panther The Album Music From And Inspired By,2018-02-09
682,Krippy Kush - Remix,true,61,Farruko,Krippy Kush (Remix),2017-11-21
683,Thunder,false,20,Imagine Dragons,Evolve,2017-06-23
684,Don't Let Me Down,false,82,The Chainsmokers,Don't Let Me Down,2016-02-05
685,Wild Thoughts (feat. Rihanna & Bryson Tiller),true,71,DJ Khaled,Grateful,2017-06-22
686,La Modelo,false,32,Ozuna,La Modelo (feat. Cardi B),2017-12-22
687,Ride,false,83,Twenty One Pilots,Blurryface,2015-05-15
688,Love Galore (feat. Travis Scott),true,80,SZA,Ctrl,2017-06-09
689,FRIENDS,true,88,Marshmello,FRIENDS,2018-02-09
690,Decline Him,true,41,Quay Dash,Transphobic,2017-07-07
691,Water Me,false,63,Lizzo,Water Me,2017-08-17
692,New Phone (Who Dis),false,37,Cakes da Killa,Hedonism,2016-10-21
693,Koi,true,34,Le1f,Riot Boi,2015-11-13
694,Cartoons,false,42,cupcakKe,Ephorize,2018-01-05
695,Werkin' Girls,true,52,Angel Haze,New York EP,2012-01-01
696,Phenomena,false,42,Yeah Yeah Yeahs,Show Your Bones,2006-01-01
697,'Bout You,true,28,Junglepussy,Pregnant with Success,2015-11-17
698,Ice Princess,true,51,Azealia Banks,Broke with Expensive Taste,2014-11-07
699,Execute,true,1,Tommy Genesis,World Vision,2015-07-02
700,The Other Side Of Paradise,true,67,Glass Animals,How To Be A Human Being,2016-08-26
701,Marijuana,false,31,Zebra Katz,Marijuana - EP,2016-03-08
702,Money,true,46,Leikeli47,Money,2016-08-26
703,Satisfaction Guaranteed,true,33,Junglepussy,Satisfaction Guaranteed,2014-06-10
704,Country Boy,true,29,Junglepussy,Pregnant with Success,2015-11-17
705,Redbone,true,69,Childish Gambino,"""Awaken, My Love!""",2016-12-02
706,God's Plan,true,27,Drake,Scary Hours,2018-01-20
707,Pony,false,75,Ginuwine,R&B: From Doo-Wop To Hip-Hop,1999-10-08
708,Lemon - Edit,true,62,N.E.R.D,Lemon (Edit),2017-12-06
709,Cockiness (Love It),false,51,Rihanna,Talk That Talk,2011-11-19
710,Meet and Greet,false,28,cupcakKe,Ephorize,2018-01-05
711,Help I'm Alive,false,60,Metric,Fantasies,2009-04-14
712,Bad At Love,false,81,Halsey,hopeless fountain kingdom (Deluxe),2017-06-02
713,I Wanna Be Your Dog,false,63,The Stooges,The Stooges,1969-08-05
714,Unforgettable,true,85,French Montana,Jungle Rules,2017-07-14
715,Don't Blame Me,false,42,Santigold,I Don't Want: The Gold Fire Sessions,2018-07-27
716,Level Up,false,76,Ciara,Level Up,2018-07-18
717,Now Or Never,false,76,Halsey,hopeless fountain kingdom (Deluxe),2017-06-02
718,Magnets,false,66,Disclosure,Caracal (Deluxe),2015-09-25
719,Call Your Girlfriend,false,56,Robyn,Body Talk,2010-01-01
720,Did It On’em,true,54,Nicki Minaj,Pink Friday (Deluxe),2010-01-01
721,"Best Friend (feat. NERVO, The Knocks & ALISA UENO)",true,61,Sofi Tukker,"Best Friend (feat. NERVO, The Knocks & ALISA UENO)",2017-09-12
722,Shells Of Silver,false,41,The Japanese Popstars,Controlling Your Allegiance,2011-01-01
723,Deadcrush,false,58,alt-J,RELAXER,2017-06-02
724,Heads Will Roll - A-Trak Remix Radio Edit,false,55,Yeah Yeah Yeahs,Heads Will Roll,2009
725,Dancing On My Own,false,56,Robyn,Body Talk Pt. 1,2010-06-11
726,The One 2,false,38,!!!,The One 2,2017-03-22
727,Feel It Still,false,84,Portugal. The Man,Woodstock,2017-06-16
728,Consideration,true,54,Rihanna,ANTI (Deluxe),2016-01-28
729,Fu-Gee-La,false,34,Fugees,R&B: From Doo-Wop To Hip-Hop,1999-10-08
730,Creator (vs. Switch and FreQ Nasty),false,42,Santigold,Santigold,2008-04-29
731,Boys Wanna Be Her,false,42,Peaches,Impeach My Bush,2006-07-11
732,Sex With Me,true,65,Rihanna,ANTI (Deluxe),2016-01-28
733,You Da One,true,68,Rihanna,Talk That Talk,2011-11-19
734,The Lovecats,false,52,The Cure,Greatest Hits,2001-11-13
735,Kiss It Better,true,63,Rihanna,ANTI,2016-01-28
736,This Charming Man - 2011 Remaster,false,73,The Smiths,The Smiths,1984
737,There Is a Light That Never Goes Out - 2011 Remaster,false,72,The Smiths,The Queen Is Dead,1986
738,Needed Me,true,73,Rihanna,ANTI,2016-01-28
739,Disorder - 2007 Remastered Version,false,66,Joy Division,Unknown Pleasures,1979-06-01
740,Lips Like Sugar,false,54,Echo & the Bunnymen,Echo & the Bunnymen,1987-07-06
741,Partition,true,71,Beyoncé,BEYONCÉ [Platinum Edition],2014-11-24
742,"Head Over Heels - Dave Bascombe 7"" N.Mix",false,66,Tears For Fears,Songs From The Big Chair (Deluxe),1985-02-25
743,Pretty in Pink,false,48,The Psychedelic Furs,All Of This And Nothing,1980
744,Just Like Honey,false,62,The Jesus and Mary Chain,Psychocandy (Expanded Version),1985-11-18
745,Bela Lugosi's Dead,false,55,Bauhaus,Bauhaus - 1979-1983 Volume One,1986-05-01
746,Ceremony - Version 1; 2016 Remastered Version,false,57,New Order,Singles (Remastered),2005-12-06
747,Spellbound,false,57,Siouxsie and the Banshees,Juju,1981
748,Superstar,false,59,Sonic Youth,If I Were A Carpenter,1994-01-01
749,I wanna be your dog - Live in Paris 23rd Sept - Re Mastered,false,0,Iggy Pop,1977,2010-10-25
750,There Is a Light That Never Goes Out,false,1,Dum Dum Girls,He Gets Me High,2011-03-01
751,Hey,false,67,Pixies,Doolittle,1989-04-17
752,Monkey Gone to Heaven,false,62,Pixies,Doolittle,1989-04-17
753,A Girl Like You,false,64,Edwyn Collins,Gorgeous George,1994
754,Crimson and Clover,false,23,Heart,Heart rock,2008-09-03
755,Alone,false,74,Heart,Bad Animals,1987-06-06
756,Zombie,false,82,The Cranberries,No Need To Argue,1994-10-03
757,When You're Gone - Edit,false,29,The Cranberries,When You're Gone,1996-01-01
758,Date With The Night,false,37,Yeah Yeah Yeahs,Fever To Tell,2003-04-29
759,Miles Away - John Peel Session,false,12,Yeah Yeah Yeahs,Maps,2004-01-01
760,Miles Away,false,30,Yeah Yeah Yeahs,Yeah Yeah Yeahs,2002
761,Date With The Night,false,50,Yeah Yeah Yeahs,Fever To Tell (Deluxe Remastered),2003-04-29
762,Change (In the House of Flies) - In The House Of Flies LP Version,false,68,Deftones,White Pony (U.S. Version),2000-05-16
763,My Own Summer (Shove It),false,66,Deftones,Around The Fur,1997-10-27
764,Passenger,false,62,Deftones,White Pony (U.S. Version),2000-05-16
765,Be Quiet and Drive (Far Away),false,62,Deftones,Around The Fur,1997-10-27
766,Digital Bath,false,61,Deftones,White Pony (U.S. Version),2000-05-16
767,Knife Prty,false,56,Deftones,White Pony (U.S. Version),2000-05-16
768,Sextape,false,53,Deftones,Diamond Eyes,2010-04-23
769,Rx Queen,false,50,Deftones,White Pony (U.S. Version),2000-05-16
770,Running Up That Hill (A Deal With God),false,64,Kate Bush,Hounds Of Love,1985
771,You Da One,true,68,Rihanna,Talk That Talk,2011-11-19
772,#1 Crush,false,3,Garbage,Romeo & Juliet Soundtrack,2007-01-01
773,Local God,false,2,Everclear,Romeo & Juliet Soundtrack,2007-01-01
774,Angel,false,0,Gavin Friday,Romeo & Juliet Soundtrack,2007-01-01
775,Pretty Piece Of Flesh,false,0,One Inch Punch,Romeo & Juliet Soundtrack,2007-01-01
776,Kissing You,false,1,Des'ree,Romeo & Juliet Soundtrack,2007-01-01
777,Whatever (I Had A Dream),true,0,Butthole Surfers,Romeo & Juliet Soundtrack,2007-01-01
778,Lovefool - Radio Edit,false,3,The Cardigans,Romeo & Juliet Soundtrack,2007-01-01
779,Young Hearts Run Free,false,0,Kym Mazelle,Romeo & Juliet Soundtrack,2007-01-01
780,Everybody's Free (To Feel Good),false,0,Quindon Tarver,Romeo & Juliet Soundtrack,2007-01-01
781,To You I Bestow,false,1,Mundy,Romeo & Juliet Soundtrack,2007-01-01
782,Talk Show Host,true,3,Radiohead,Romeo & Juliet Soundtrack,2007-01-01
783,Little Star,false,1,Stina Nordenstam,Romeo & Juliet Soundtrack,2007-01-01
784,You And Me Song,false,1,The Wannadies,Romeo & Juliet Soundtrack,2007-01-01
785,Introduction To Romeo,false,0,Craig Armstrong,Romeo & Juliet Soundtrack,2007-01-01
786,Young Hearts Run Free - Ballroom Version,false,0,Kym Mazelle,Romeo & Juliet Soundtrack,2007-01-01
787,Kissing You (Love Theme From Romeo+Juliet),false,0,Craig Armstrong,Romeo & Juliet Soundtrack,2007-01-01
788,When Doves Cry,false,0,Quindon Tarver,Romeo & Juliet Soundtrack,2007-01-01
789,Everybody's Free (To Wear Sunscreen) - 2007 Mix,false,0,Quindon Tarver,Romeo & Juliet Soundtrack,2007-01-01
790,Coral Fang,false,40,The Distillers,Coral Fang (PA Version),2003-10-07
791,The Hunger,false,44,The Distillers,Coral Fang (PA Version),2003-10-07
792,Beat Your Heart Out,false,40,The Distillers,Coral Fang (PA Version),2003-10-07
793,The Lovecats,false,52,The Cure,Greatest Hits,2001-11-13
794,Wut,true,45,Le1f,Hey,2014-03-10
795,Werkin' Girls,true,52,Angel Haze,New York EP,2012-01-01
796,Ice Princess,true,51,Azealia Banks,Broke with Expensive Taste,2014-11-07
797,I Like Tuh,true,59,Carnage,Papi Gordo,2015-10-30
798,Satisfaction Guaranteed,true,33,Junglepussy,Satisfaction Guaranteed,2014-06-10
799,Keep It Goin' (feat. Calore),false,32,Cakes da Killa,Hedonism,2016-10-21
800,The Jump Off,true,1,Lil' Kim,The Jump Off,2003-02-04
801,Cartoons,false,42,cupcakKe,Ephorize,2018-01-05
802,Koi,true,34,Le1f,Riot Boi,2015-11-13
803,Work It,true,72,Missy Elliott,Under Construction,2002-11-11
804,Make Me Feel,true,60,Janelle Monáe,Make Me Feel,2018-02-22
805,I Wanna Be Your Dog,false,63,The Stooges,The Stooges,1969-08-05
806,Call Your Girlfriend,false,56,Robyn,Body Talk,2010-01-01
807,Deadcrush,false,58,alt-J,RELAXER,2017-06-02
808,Redbone,true,69,Childish Gambino,"""Awaken, My Love!""",2016-12-02
809,Nothing for Me,true,30,Junglepussy,Pregnant with Success,2015-11-17
810,Miss Me,true,29,Leikeli47,Miss Me,2017-07-07
811,Let’s Be Bad,false,23,Childbirth,Women's Rights,2015-10-02
812,Exterminating Angel,true,0,Candy Warpop,Transdecadence,2013-08-01
813,Country Boy,true,29,Junglepussy,Pregnant with Success,2015-11-17
814,Paf,true,35,Chynna,Ninety,2016-08-19
815,Piece of Me,false,65,Britney Spears,Blackout,2007-10-25
816,Money,true,46,Leikeli47,Money,2016-08-26
817,Shake It,false,30,Yeah Yeah Yeahs,Shake It,2017-09-19
818,Brain Stew,true,65,Green Day,Insomniac,1995-10-10
819,Smells Like Teen Spirit,false,76,Nirvana,Nevermind (Remastered),1991-09-26
820,Creator (vs. Switch and FreQ Nasty),false,42,Santigold,Santigold,2008-04-29
821,Starstruck,false,42,Santigold,Santigold,2008-04-29
822,I'm A Lady (feat. Trouble Andrew),false,41,Santigold,Santigold,2008-04-29
823,You'll Find A Way (Switch and Sinden Remix),false,39,Santigold,Santigold,2008-04-29
824,God's Plan,true,27,Drake,Scary Hours,2018-01-20
825,Pony,false,75,Ginuwine,R&B: From Doo-Wop To Hip-Hop,1999-10-08
826,Fu-Gee-La,false,34,Fugees,R&B: From Doo-Wop To Hip-Hop,1999-10-08
827,I Put a Spell on You,false,46,Screamin' Jay Hawkins,R&B: From Doo-Wop To Hip-Hop,1999-10-08
828,Exodus,true,36,M.I.A.,Matangi,2013-01-01
829,Int'l Players Anthem (I Choose You),true,55,UGK,UGK (Underground Kingz),2007-08-07
830,Lemon - Edit,true,62,N.E.R.D,Lemon (Edit),2017-12-06
831,Cockiness (Love It),false,51,Rihanna,Talk That Talk,2011-11-19
832,Meet and Greet,false,28,cupcakKe,Ephorize,2018-01-05
833,Hell Of A Night,true,65,ScHoolboy Q,Oxymoron (Deluxe),2014-01-01
834,Pray For Me (with Kendrick Lamar),true,13,The Weeknd,Pray For Me (with Kendrick Lamar),2018-02-02
835,Drunk On Love,false,47,Rihanna,Talk That Talk (Deluxe),2012-07-18
836,Man Down,true,61,Rihanna,Loud,2010-11-16
837,Decline Him,true,41,Quay Dash,Transphobic,2017-07-07
838,Promiscuous,false,68,Nelly Furtado,Loose,2006-01-01
839,Get Right,false,39,Jennifer Lopez,Rebirth,2005
840,Wish You Would (feat. Princess Nokia),true,49,Mykki Blanco,Spring/Summer 2014,2014-10-21
841,Unzip Me - DJ Nita's Big Booty Bounce Instrumntal,true,26,Cazwell,Unzip Me Remixes Part Two,2012-05-01
842,Pussy Is God,true,70,King Princess,Pussy Is God,2018-11-02
843,My Sex,true,44,Brooke Candy,My Sex,2018-08-17
844,#LaChinaMasLatina,true,42,Gia Gunn,#LaChinaMasLatina,2018-08-29
845,Dem Beats,true,59,Todrick Hall,Forbidden,2018-03-27
846,Pay Me,false,41,Shangela Laquifa,Pay Me,2018-03-15
847,U Wear It Well,false,50,RuPaul,Butch Queen,2016-03-04
848,No Killing,false,26,Violent Femmes,The Violent Femmes Collection,2013-11-11
849,Elevation,false,44,Television,Marquee Moon,1977-02-08
850,Right Wing Pigeons,false,26,The Dead Milkmen,Big Lizard In My Back Yard,1985-06-01
851,Right Wing Pigeons,false,26,The Dead Milkmen,Big Lizard In My Back Yard,1985-06-01
852,Adventures Close To Home,false,22,The Slits,Cut,1979
853,Sweet Jane (Mono) - 2015 Remastered,false,35,The Velvet Underground,Loaded: Re-Loaded 45th Anniversary Edition,1970
854,This Must Be the Place (Naive Melody) - Live,false,54,Talking Heads,Stop Making Sense,1984
855,Add It Up - 2002 Remastered Version,true,56,Violent Femmes,Violent Femmes,1983
856,Tryin',false,34,Shannon and The Clams,Onion,2018-02-16
857,Siin,false,38,Habibi,Habibi,2013
858,Friend of Nothing - Acoustic,false,48,together PANGEA,Sleeping Til Sunset (Acoustic Versions),2018-06-29
859,Crew Cut,false,36,Tijuana Panthers,EP,2008-08-26
860,Empty Head,false,33,Screaming Females,Rose Mountain,2015-02-24
861,Hysteric,false,43,Yeah Yeah Yeahs,It's Blitz!,2009-01-01
862,Your Ex-Lover Is Dead,false,40,Stars,Set Yourself On Fire,2004-10-12
863,Shh,false,34,Frou Frou,Details,2002-01-01
864,My Love,false,43,the bird and the bee,Ray Guns Are Not Just The Future,2008-01-01
865,You Can Be the One,false,38,Late Night Alumni,"Of Birds, Bees, Butterflies, Etc...",2009
866,I Can't Go For That,false,42,the bird and the bee,Interpreting The Masters Volume 1: A Tribute To Daryl Hall And John Oates,2010-01-01
867,Breathe In,false,44,Frou Frou,Details,2002-01-01
868,FckBoi,true,26,Jiggly Caliente,T.H.O.T. Process,2018-03-09
869,Cut It Up,false,24,TT The Artist,Cut It Up,2018-02-13
870,Decline Him,true,41,Quay Dash,Transphobic,2017-07-07
871,Hustler (feat. Gallo),false,29,Pearl,Pleasure,2015-06-02
872,Meg Ryan,false,5,Ah-Mer-Ah-Su,Rebecca,2017-02-26
873,Rules,true,44,BbyMutha,Glow Kit: Blk Girl,2017-06-29
874,Cocky (feat. Lila Star & the Vixen),true,45,Shea Couleé,Couleé-D,2017-06-23
875,Ritual Union,false,58,Little Dragon,Ritual Union,2011-07-25
876,NEW DORP. NEW YORK,false,46,SBTRKT,Wonder Where We Land,2014-10-07
877,Blind - Frankie Knuckles Remix,false,48,Hercules & Love Affair,Blind,2008-02-29
878,Gold Watch,true,45,Lupe Fiasco,Lupe Fiasco's The Cool,2007-01-01
879,Keep The devil Off,false,44,Big K.R.I.T.,4eva Is A Mighty Long Time,2017-10-27
880,Maniac,false,41,Moullinex,Casablanca Reworks,2012-01-27
881,Pull Up To The Bumper,false,30,Grace Jones,Island Life,1985-12-01
882,Joke,false,38,Chastity Belt,Time to Go Home,2015-03-23
883,What a Bam Bam,false,46,Amara La Negra,What a Bam Bam,2018-02-20
884,93 'Til Infinity,false,70,Souls Of Mischief,93 'til Infinity,1993
885,Children's Story,true,62,Slick Rick,The Great Adventures Of Slick Rick,1988-11-03
886,Mind Playing Tricks on Me,true,66,Geto Boys,We Can't Be Stopped,1991-07-02
887,Taste,false,59,Rhye,Blood,2018-02-02
888,Shark Smile - Edit,false,60,Big Thief,Shark Smile (Edit),2017-05-08
889,The End of the World,false,60,Sharon Van Etten,The End of the World,2017-03-03
890,The End of the World,false,60,Sharon Van Etten,The End of the World,2017-03-03
891,Whiteout,false,56,Warpaint,Heads Up,2016-09-23
892,Put the Lime in the Coconut - Acoustic,false,32,Red Tracy,Unplugged Visions,2015-02-20
893,Candy,false,58,Cameo,Word Up,1986-01-01
894,Give It To Me Baby,false,63,Rick James,Street Songs,1981-04-07
895,Doin' It,true,64,LL Cool J,Mr. Smith (Deluxe Edition),1995-11-20
896,Hold On,false,59,En Vogue,Born To Sing,1990-04-03
897,Candy Rain,false,61,Soul For Real,Candy Rain,1995
898,Don't Walk Away,false,62,Jade,Jade To The Max,1992-11-13
899,All For You,false,55,Janet Jackson,All For You,2001-01-01
900,Buffalo Stance,false,50,Neneh Cherry,Raw Like Sushi,1989-01-01
901,Sex With Me,true,65,Rihanna,ANTI (Deluxe),2016-01-28
902,Everybody Everybody,false,17,Black Box,Dreamland,1990
903,Green Onions,false,64,Booker T. & the M.G.'s,Green Onions,1962
904,Chun-Li,true,76,Nicki Minaj,Queen,2018-08-10
905,Let Me Blow Ya Mind,true,73,Eve,Scorpion,2001-01-01
906,Fergalicious,true,73,Fergie,The Dutchess,2006-01-01
907,Fergalicious,true,73,Fergie,The Dutchess,2006-01-01
908,Buy U a Drank (Shawty Snappin'),false,78,T-Pain,Epiphany,2007-06-05
909,Goodies,false,65,Ciara,Goodies,2004-09-24
910,Work It,true,72,Missy Elliott,Under Construction,2002-11-11
911,D.Y.T. (Do Your Thing),false,48,NVDES,D.Y.T. (Do Your Thing),2017-11-10
912,I Like It,true,90,Cardi B,Invasion of Privacy,2018-04-06
913,Be Careful,true,77,Cardi B,Invasion of Privacy,2018-04-06
914,Lip Gloss,false,61,Lil Mama,Lip Gloss,2007-03-06
915,Attitude,true,48,Leikeli47,Wash & Set,2017-09-08
916,La Diaspora (feat. Zap Mama),true,40,Nitty Scott,Creature!,2017-07-21
917,Who Be Lovin Me (feat. ILOVEMAKONNEN),false,40,Santigold,99 Cents,2016-02-26
918,"Music Is My Hot, Hot Sex",false,1,CSS,Cansei De Ser Sexy,2006-07-11
919,Sex With Me,true,65,Rihanna,ANTI (Deluxe),2016-01-28
920,Get Right,false,39,Jennifer Lopez,Rebirth,2005
921,Promiscuous,false,68,Nelly Furtado,Loose,2006-01-01
922,Oblivion,false,56,Grimes,Visions,2012-02-21
923,Pussy Ate (feat. Murder Mark),true,20,TT The Artist,Pussy Ate (feat. Murder Mark),2013-03-15
924,Magic Stick,true,58,Lil' Kim,La Bella Mafia,2003-03-03
925,Decline Him,true,41,Quay Dash,Transphobic,2017-07-07
926,Water Me,false,63,Lizzo,Water Me,2017-08-17
927,Swirl,true,26,Le1f,Riot Boi,2015-11-13
928,New Phone (Who Dis),false,37,Cakes da Killa,Hedonism,2016-10-21
929,Work It,true,72,Missy Elliott,Under Construction,2002-11-11
930,Wut,true,45,Le1f,Hey,2014-03-10
931,Koi,true,34,Le1f,Riot Boi,2015-11-13
932,Cartoons,false,42,cupcakKe,Ephorize,2018-01-05
933,Werkin' Girls,true,52,Angel Haze,New York EP,2012-01-01
934,The Jump Off,true,1,Lil' Kim,The Jump Off,2003-02-04
935,The One 2,false,38,!!!,The One 2,2017-03-22
936,Bling Bling,true,50,Junglepussy,Satisfaction Guaranteed,2014-06-10
937,Phenomena,false,42,Yeah Yeah Yeahs,Show Your Bones,2006-01-01
938,'Bout You,true,28,Junglepussy,Pregnant with Success,2015-11-17
939,Ice Princess,true,51,Azealia Banks,Broke with Expensive Taste,2014-11-07
940,Execute,true,1,Tommy Genesis,World Vision,2015-07-02
941,The Other Side Of Paradise,true,67,Glass Animals,How To Be A Human Being,2016-08-26
942,No Bad Vibez,true,22,Rich White Ladies,Rich White Ladies,2015-03-31
943,Ridin Round,true,54,Kali Uchis,Ridin Round,2015-11-02
944,The Big Big Beat,true,44,Azealia Banks,The Big Big Beat,2016-05-06
945,Marijuana,false,31,Zebra Katz,Marijuana - EP,2016-03-08
946,Money,true,46,Leikeli47,Money,2016-08-26
947,Satisfaction Guaranteed,true,33,Junglepussy,Satisfaction Guaranteed,2014-06-10
948,Country Boy,true,29,Junglepussy,Pregnant with Success,2015-11-17
949,Paf,true,35,Chynna,Ninety,2016-08-19
950,Green Onions,false,64,Booker T. & the M.G.'s,Green Onions,1962
951,Magnets,false,66,Disclosure,Caracal (Deluxe),2015-09-25
952,Havana,false,33,Camila Cabello,Havana,2017-08-03
953,1-800-273-8255,true,84,Logic,Everybody,2017-05-05
954,You Know You Like It,false,73,DJ Snake,You Know You Like It,2014-10-14
955,September Song,false,53,Agnes Obel,Aventine (Deluxe),2013
956,Whatcha Say,false,65,Jason Derulo,Jason Derulo (Deluxe Audio),2010-03-01
957,Hell Of A Night,true,65,ScHoolboy Q,Oxymoron (Deluxe),2014-01-01
958,Shells Of Silver,false,41,The Japanese Popstars,Controlling Your Allegiance,2011-01-01
959,All The Stars (with SZA),true,71,Kendrick Lamar,All The Stars (with SZA),2018-01-04
960,New Rules,false,86,Dua Lipa,Dua Lipa (Deluxe),2017-06-02
961,Krippy Kush - Remix,true,61,Farruko,Krippy Kush (Remix),2017-11-21
962,"Best Friend (feat. NERVO, The Knocks & ALISA UENO)",true,61,Sofi Tukker,"Best Friend (feat. NERVO, The Knocks & ALISA UENO)",2017-09-12
963,Heartless,false,77,Kanye West,808s & Heartbreak,2008-01-01
964,What's Luv? (feat. Ja-Rule & Ashanti),true,75,Fat Joe,Jealous Ones Still Envy (J.O.S.E),2001-12-04
965,Thunder,false,20,Imagine Dragons,Evolve,2017-06-23
966,Pray For Me (with Kendrick Lamar),true,13,The Weeknd,Pray For Me (with Kendrick Lamar),2018-02-02
967,Don't Let Me Down,false,82,The Chainsmokers,Don't Let Me Down,2016-02-05
968,"One, Two Step",false,76,Ciara,Goodies,2004-09-24
969,Diamonds,false,63,Rihanna,Unapologetic (Deluxe),2012-12-11
970,Wild Thoughts (feat. Rihanna & Bryson Tiller),true,71,DJ Khaled,Grateful,2017-06-22
971,La Modelo,false,32,Ozuna,La Modelo (feat. Cardi B),2017-12-22
972,Tell Me You Love Me,false,76,Demi Lovato,Tell Me You Love Me,2017-09-29
973,Ride,false,83,Twenty One Pilots,Blurryface,2015-05-15
974,Love Galore (feat. Travis Scott),true,80,SZA,Ctrl,2017-06-09
975,All The Stars (with SZA),true,84,Kendrick Lamar,Black Panther The Album Music From And Inspired By,2018-02-09
976,Shake Ya Ass,true,54,Mystikal,Let's Get Ready,2000-09-26
977,Home with You,false,79,Madison Beer,As She Pleases,2018-02-02
978,California Love,true,43,2Pac,Urban Beats Vol.3,2014-11-07
979,FRIENDS,true,88,Marshmello,FRIENDS,2018-02-09
980,Do You Miss Me,false,28,Jocelyn Enriquez,Jocelyn,1997-05-13
981,FRIENDS,true,88,Marshmello,FRIENDS,2018-02-09
982,The Hills,true,83,The Weeknd,Beauty Behind The Madness,2015-08-28
983,My Girl Awaits Me,false,2,The Castelles,The Best Of,2015-08-21
984,Nice For What,true,27,Drake,Nice For What,2018-04-06
985,Behind The Wheel,false,29,Depeche Mode,Behind The Wheel,1992
986,Youths Dem Cold,false,34,Richie Spice,Reggae Gold 2006,2006-06-12
987,Djama,false,30,Amadou & Mariam,Welcome To Mali,2008-11-17
988,DDU-DU DDU-DU,false,57,BLACKPINK,DDU-DU DDU-DU,2018-08-22
989,Manic Monday,false,51,The Bangles,Greatest Hits,1990-01-01
990,Lying Together,false,60,FKJ,French Kiwi Juice,2017-03-02
